n_1,N_1,N_2,N_3,N_4,N_5,N_6
0,0,0,0,0,0,0
1,1,0,0,0,0,0
2,0,0,0,0,0,0
3,2,0,0,0,0,0
4,4,0,0,0,0,0
5,8,0,0,0,0,0
6,9,0,0,0,0,0
7,16,0,2,0,0,0
8,27,0,1,1,1,2
9,25,0,7,12,4,6
10,36,1,10,33,6,7
11,41,0,14,29,8,12
12,47,0,9,27,10,9
13,49,0,5,29,8,15
14,48,0,5,26,10,13
15,59,0,10,34,12,12
16,52,0,9,28,13,11
17,64,0,9,20,8,8
18,55,0,11,22,11,11
19,54,0,13,10,13,11
20,55,0,9,11,11,12
21,64,1,12,15,11,10
22,58,0,18,12,8,10
23,70,1,9,15,5,7
24,73,0,10,10,9,9
25,64,0,5,6,6,6
26,55,0,11,6,7,9
27,59,0,20,9,14,13
28,49,1,13,9,9,4
29,51,2,13,5,8,8
30,65,0,15,9,8,9
31,62,0,12,4,10,14
32,63,0,17,5,13,9
33,54,0,11,4,18,12
34,48,1,16,3,9,6
35,50,0,12,8,9,8
36,67,1,9,6,3,9
37,49,1,8,7,4,16
38,69,0,14,6,13,14
39,67,0,7,6,11,6
40,60,0,14,3,11,10
41,58,0,12,5,10,12
42,61,1,14,10,8,9
43,73,1,6,6,10,11
44,64,0,8,5,13,6
45,59,1,7,4,19,16
46,41,1,8,9,6,18
47,49,0,13,3,8,11
48,56,1,6,5,15,9
49,53,0,11,6,13,17
50,54,0,13,4,15,11
51,66,0,6,7,6,14
52,70,0,6,7,19,13
53,66,0,11,3,11,15
54,66,0,7,11,11,16
55,77,0,10,2,16,16
56,57,2,12,5,9,11
57,71,0,6,5,11,15
58,63,1,13,11,14,11
59,76,0,11,5,15,9
60,67,0,15,7,19,14
61,90,1,13,5,12,11
62,76,0,15,4,20,14
63,64,3,15,10,16,13
64,60,1,15,10,14,21
65,60,1,17,9,12,7
66,86,1,19,7,13,11
67,76,3,29,11,16,12
68,85,0,22,7,11,14
69,88,0,26,11,12,9
70,80,0,31,11,11,15
71,54,2,42,8,11,16
72,82,0,34,12,9,12
73,74,0,42,13,14,20
74,76,3,40,18,19,18
75,91,0,52,14,10,14
76,72,0,59,28,12,16
77,87,0,71,17,15,14
78,65,1,84,21,12,15
79,75,0,118,26,16,13
80,101,1,117,35,9,15
81,75,0,113,27,15,19
82,102,0,151,45,16,15
83,74,0,163,36,19,14
84,96,2,167,60,12,13
85,104,1,189,68,16,13
86,90,0,214,94,22,9
87,96,1,261,100,11,21
88,119,1,282,118,16,9
89,137,0,310,149,17,13
90,123,1,355,143,13,21
91,120,0,374,165,17,13
92,144,1,360,206,11,18
93,135,0,383,243,14,19
94,167,3,471,252,21,16
95,185,0,471,307,12,13
96,191,2,514,339,17,19
97,161,1,503,329,16,19
98,196,0,528,387,24,13
99,230,1,547,409,14,15
100,232,2,577,429,21,16
101,245,1,528,510,19,18
102,236,1,615,499,18,21
103,231,0,513,496,17,14
104,278,0,555,489,12,18
105,271,0,544,496,15,12
106,274,2,514,514,11,17
107,241,0,510,532,19,12
108,257,1,491,501,12,17
109,293,1,495,491,19,17
110,304,1,480,494,13,13
111,301,0,425,445,17,15
112,301,1,435,455,18,18
113,297,1,407,430,30,21
114,300,2,362,423,17,26
115,292,0,337,427,24,15
116,286,0,303,371,9,13
117,286,0,280,338,13,17
118,285,2,232,342,18,17
119,312,0,187,303,23,11
120,310,1,202,297,13,13
121,262,2,160,249,9,9
122,271,0,160,192,18,12
123,242,0,141,193,16,21
124,241,3,113,187,17,13
125,270,1,112,187,19,19
126,242,0,92,167,19,16
127,226,2,79,125,12,16
128,210,1,56,119,19,21
129,171,1,64,87,10,21
130,194,3,60,77,21,19
131,190,1,52,98,17,19
132,186,0,47,78,16,11
133,181,0,20,79,18,20
134,170,0,34,54,18,20
135,137,1,25,49,31,22
136,142,0,23,40,13,18
137,145,1,18,49,21,18
138,138,1,24,37,15,15
139,131,3,24,43,14,22
140,140,1,16,31,33,18
141,139,3,19,20,15,13
142,107,0,31,24,18,26
143,123,0,30,16,14,16
144,136,0,33,27,18,16
145,107,0,31,21,21,16
146,118,2,33,20,20,25
147,104,1,30,17,14,18
148,115,1,41,23,20,20
149,123,2,30,21,9,13
150,115,1,50,13,17,17
151,134,0,65,15,14,16
152,116,2,56,27,23,26
153,100,1,75,28,18,23
154,116,0,84,18,15,18
155,105,0,72,21,25,19
156,120,2,96,13,19,12
157,94,0,135,31,13,26
158,88,0,145,18,21,19
159,121,3,147,34,18,21
160,106,1,164,26,10,23
161,113,5,189,26,14,16
162,119,2,242,18,25,15
163,98,0,291,26,17,19
164,96,3,309,20,16,23
165,115,2,383,29,18,33
166,103,1,440,29,18,16
167,99,1,518,20,21,23
168,112,1,557,34,17,19
169,105,1,602,25,15,27
170,108,1,707,21,20,12
171,111,0,788,26,27,17
172,115,0,913,23,17,25
173,94,2,1002,28,25,18
174,87,0,1083,35,15,17
175,105,0,1224,31,23,9
176,118,1,1377,20,24,26
177,92,0,1477,28,18,24
178,93,2,1572,23,20,17
179,115,3,1741,25,14,19
180,119,1,1796,25,20,13
181,95,1,2037,14,8,18
182,104,0,2113,19,23,20
183,98,0,2299,20,17,16
184,112,0,2323,25,21,15
185,115,1,2538,26,15,21
186,91,0,2761,25,20,19
187,108,0,2863,20,24,22
188,120,1,2898,23,15,20
189,119,1,3005,16,15,21
190,105,1,2963,24,18,19
191,118,0,3131,22,23,23
192,108,3,3245,23,17,11
193,90,1,3362,14,14,19
194,104,0,3415,19,14,22
195,121,0,3311,20,16,18
196,107,1,3295,18,22,14
197,115,0,3381,24,22,31
198,129,0,3335,22,19,20
199,102,3,3218,15,17,21
200,126,0,3108,21,28,20
201,104,0,3082,10,28,17
202,103,2,2969,16,30,21
203,105,3,2953,18,21,19
204,119,3,2875,17,23,20
205,112,2,2767,21,21,28
206,149,1,2545,17,19,21
207,112,1,2523,14,20,17
208,123,2,2413,17,32,20
209,115,1,2265,18,25,26
210,137,2,2091,27,25,25
211,113,1,1947,29,16,22
212,117,2,1848,21,23,32
213,130,0,1736,35,22,22
214,125,0,1598,28,24,29
215,140,3,1468,27,23,27
216,125,0,1329,27,31,20
217,136,0,1165,26,21,14
218,122,1,1135,31,22,23
219,142,2,1015,32,34,27
220,119,2,890,28,19,28
221,139,0,821,31,23,20
222,151,1,699,34,26,23
223,150,2,644,33,29,20
224,157,2,574,43,35,30
225,133,2,521,39,41,26
226,158,2,428,35,23,27
227,143,4,391,38,31,29
228,169,2,331,49,23,28
229,163,2,273,61,23,40
230,150,2,250,51,27,23
231,158,3,234,53,36,27
232,168,3,140,70,27,27
233,165,1,155,65,39,23
234,152,3,149,77,21,31
235,154,3,110,81,35,35
236,167,2,91,85,35,28
237,159,4,84,93,34,29
238,161,2,65,110,33,37
239,177,4,75,99,26,39
240,144,4,39,95,26,33
241,163,4,44,111,27,46
242,162,2,28,104,25,29
243,161,6,24,130,38,21
244,173,2,29,107,29,26
245,156,5,16,126,24,30
246,175,5,18,110,27,26
247,159,4,17,142,30,24
248,147,4,8,134,27,24
249,165,1,10,157,31,27
250,134,3,4,138,23,26
251,142,3,8,161,33,26
252,164,1,5,155,32,28
253,173,7,4,151,29,31
254,149,2,9,129,39,31
255,174,7,8,151,36,34
256,137,4,3,143,36,27
257,140,6,6,158,35,25
258,134,4,3,137,31,25
259,143,3,7,162,29,22
260,141,7,5,150,33,25
261,159,7,3,150,25,42
262,140,6,4,129,17,31
263,111,3,2,135,29,26
264,150,3,5,122,16,24
265,133,7,4,122,26,26
266,146,1,10,132,26,30
267,146,4,5,122,31,23
268,134,4,5,123,24,27
269,143,5,5,100,22,26
270,130,5,5,111,24,21
271,155,3,5,114,25,27
272,123,5,3,101,22,27
273,123,5,7,81,26,23
274,123,6,3,93,24,27
275,118,4,9,87,17,23
276,114,5,4,72,19,29
277,129,4,6,90,22,22
278,126,10,3,75,24,18
279,139,7,7,77,24,24
280,121,2,7,63,20,24
281,123,3,8,83,19,33
282,112,1,6,66,28,23
283,123,3,8,57,26,21
284,127,6,5,55,25,23
285,124,0,5,44,23,28
286,115,5,5,52,25,26
287,117,3,9,44,21,24
288,126,2,6,34,24,21
289,120,3,7,34,23,24
290,121,6,10,25,19,22
291,107,7,9,33,28,15
292,127,4,6,21,23,20
293,122,8,8,27,17,21
294,126,3,7,32,26,18
295,96,2,6,17,25,24
296,100,5,5,21,24,26
297,121,3,8,23,20,29
298,98,7,11,27,17,18
299,102,3,10,11,22,22
300,118,3,8,11,24,18
301,114,6,12,13,23,27
302,126,3,11,9,27,21
303,103,7,22,9,24,16
304,97,2,7,10,20,14
305,107,2,9,7,17,16
306,103,4,11,9,13,27
307,103,4,14,4,13,15
308,108,3,14,13,27,19
309,101,5,10,16,25,16
310,120,1,17,12,16,21
311,104,6,12,9,22,22
312,95,4,10,9,18,15
313,100,5,14,10,17,25
314,103,5,9,12,24,17
315,105,9,9,9,24,22
316,127,1,8,6,22,26
317,94,5,12,16,18,29
318,115,8,7,9,13,21
319,99,4,7,14,25,24
320,105,6,7,13,18,21
321,104,13,10,7,15,15
322,100,4,12,5,22,19
323,92,9,14,11,20,18
324,103,3,8,14,18,9
325,109,7,8,7,25,18
326,101,10,11,8,17,15
327,114,13,8,9,21,18
328,104,5,8,8,20,11
329,102,9,7,4,19,24
330,100,13,10,14,20,24
331,94,12,12,18,13,24
332,102,5,8,8,21,20
333,119,15,10,11,14,24
334,106,12,10,12,18,27
335,85,13,10,8,28,23
336,116,19,10,12,20,20
337,97,24,7,10,18,16
338,104,12,9,6,17,11
339,113,9,8,13,19,15
340,94,14,4,13,25,21
341,95,14,9,10,21,21
342,122,26,3,11,16,18
343,121,19,2,9,21,20
344,112,16,3,5,13,11
345,119,21,9,9,16,22
346,99,38,3,11,19,22
347,111,24,8,6,26,24
348,103,17,9,8,21,14
349,115,22,6,7,18,22
350,94,33,4,6,29,16
351,95,27,7,7,17,15
352,110,31,10,8,19,19
353,104,37,7,12,22,18
354,122,30,10,13,21,20
355,105,27,3,8,21,20
356,94,35,5,7,25,22
357,89,35,9,9,20,18
358,111,35,7,13,24,25
359,107,36,4,14,25,19
360,95,38,2,5,15,20
361,99,37,3,7,29,22
362,110,34,4,9,13,21
363,103,36,0,9,25,28
364,121,47,4,5,19,18
365,104,47,6,7,17,26
366,114,34,2,7,16,19
367,113,47,12,12,26,18
368,105,43,5,3,13,16
369,107,44,2,12,26,20
370,96,43,5,8,18,24
371,122,29,5,10,29,20
372,105,39,3,7,29,24
373,91,59,8,9,21,23
374,123,46,6,4,20,26
375,108,37,6,13,26,29
376,97,35,6,9,30,24
377,108,31,6,10,22,20
378,106,38,6,15,17,23
379,86,33,3,7,21,23
380,110,39,6,8,17,18
381,98,34,6,8,18,25
382,106,24,4,12,23,15
383,100,26,8,9,23,23
384,106,24,2,10,19,16
385,113,22,2,8,15,17
386,118,22,4,8,16,24
387,98,35,5,9,23,18
388,105,19,7,6,20,27
389,106,31,6,8,22,19
390,96,36,3,9,15,22
391,98,33,8,12,19,21
392,123,29,2,9,24,17
393,103,14,5,10,23,13
394,108,22,2,8,21,20
395,124,21,5,7,15,18
396,100,17,3,6,16,19
397,104,20,5,5,19,27
398,112,21,2,8,22,21
399,102,20,5,10,20,25
400,118,16,3,10,20,22
401,115,17,4,9,22,22
402,108,18,7,12,13,23
403,114,17,4,11,23,21
404,112,21,2,7,22,24
405,130,18,1,10,17,20
406,104,11,1,6,19,17
407,113,18,5,5,16,20
408,110,16,3,11,19,20
409,84,10,0,9,36,20
410,100,8,2,8,15,24
411,97,3,2,6,23,22
412,111,12,1,9,24,20
413,119,9,2,13,20,23
414,106,9,4,6,16,22
415,106,14,1,5,13,19
416,116,11,3,9,13,28
417,130,14,2,9,26,24
418,120,10,3,13,19,19
419,90,10,2,11,18,23
420,116,8,5,9,22,24
421,119,10,1,12,25,17
422,113,3,3,8,19,23
423,104,11,3,7,19,23
424,130,1,0,9,19,14
425,125,6,1,11,17,26
426,104,6,3,3,22,23
427,92,2,4,14,14,19
428,114,6,1,13,22,21
429,102,9,1,7,23,23
430,102,7,3,8,26,13
431,92,4,0,11,23,14
432,110,7,3,9,18,18
433,123,5,3,9,21,13
434,107,3,1,8,17,20
435,104,4,1,13,28,23
436,108,5,4,12,20,34
437,111,2,1,8,18,23
438,116,1,4,11,21,21
439,90,1,1,9,21,24
440,119,4,1,13,21,20
441,107,2,1,17,21,14
442,130,3,3,14,21,20
443,102,2,1,13,14,13
444,105,1,1,12,25,14
445,127,2,0,10,16,19
446,112,2,2,10,14,22
447,111,1,4,15,22,16
448,112,0,2,10,19,18
449,130,0,2,12,13,27
450,117,1,1,6,29,20
451,118,3,2,4,20,18
452,107,1,0,7,27,17
453,112,1,2,13,29,21
454,88,3,2,17,25,24
455,92,3,0,12,26,22
456,105,1,3,16,22,16
457,119,1,0,10,18,20
458,109,1,1,12,19,30
459,119,2,0,14,23,22
460,95,0,1,10,17,18
461,111,2,0,14,18,19
462,114,1,2,12,20,17
463,105,2,2,10,21,21
464,117,1,0,7,15,16
465,111,3,1,9,27,11
466,107,0,1,9,17,25
467,111,2,1,9,22,15
468,98,0,3,6,29,23
469,140,1,1,13,20,25
470,114,1,2,20,20,18
471,137,0,0,14,15,18
472,109,0,2,6,18,21
473,103,2,1,7,23,26
474,126,0,4,12,22,22
475,129,0,2,10,24,18
476,106,1,2,4,34,19
477,103,2,2,12,20,21
478,117,2,1,12,23,24
479,123,1,1,10,27,30
480,115,0,2,11,20,15
481,107,1,0,13,17,21
482,116,2,0,10,13,14
483,130,2,0,17,21,20
484,123,1,0,9,17,24
485,122,0,2,13,26,26
486,126,0,1,9,17,31
487,110,0,2,10,27,31
488,110,4,1,10,31,26
489,122,1,1,15,28,25
490,119,4,1,6,27,19
491,143,0,2,13,22,21
492,124,0,0,14,24,26
493,113,2,1,9,26,25
494,94,1,0,6,22,21
495,115,2,1,11,20,23
496,118,2,0,11,14,16
497,112,1,0,12,28,21
498,123,1,2,12,26,20
499,135,1,1,12,19,21
500,120,1,0,10,31,23
501,92,1,2,14,27,15
502,140,0,1,9,26,22
503,119,0,0,13,27,22
504,123,1,0,9,26,32
505,122,0,3,11,25,24
506,118,3,1,6,32,23
507,137,1,1,11,24,23
508,126,0,1,10,23,18
509,113,1,0,7,26,21
510,124,1,0,12,23,24
511,127,1,3,11,22,28
512,118,0,1,15,22,27
513,110,0,3,8,20,30
514,99,1,0,9,29,20
515,127,0,2,18,20,24
516,119,1,1,4,20,24
517,123,1,1,13,24,25
518,113,1,0,5,18,19
519,119,2,0,15,24,23
520,116,2,0,8,26,19
521,133,0,0,7,21,19
522,136,1,0,8,17,24
523,133,0,0,8,31,26
524,131,0,0,14,23,16
525,120,0,1,13,13,35
526,136,0,1,11,23,13
527,148,1,1,6,21,21
528,124,3,2,9,24,22
529,154,1,0,8,24,22
530,130,1,3,8,25,21
531,134,0,0,12,15,22
532,135,0,1,9,29,20
533,105,0,0,6,26,22
534,124,0,3,7,21,25
535,124,2,2,8,28,18
536,126,0,0,14,21,31
537,143,1,0,8,19,22
538,160,0,2,6,27,30
539,134,1,0,6,17,21
540,131,5,2,3,13,23
541,123,1,1,9,31,29
542,155,0,0,5,25,23
543,158,3,1,10,23,25
544,132,0,3,12,32,17
545,137,1,3,9,23,27
546,156,0,0,17,25,29
547,147,1,0,5,24,25
548,144,0,1,5,17,17
549,148,0,0,9,13,17
550,163,0,1,7,30,24
551,125,0,0,6,23,28
552,135,1,1,6,27,20
553,128,0,3,9,23,19
554,144,2,0,10,29,19
555,150,0,2,7,23,22
556,152,1,2,7,24,16
557,145,1,0,11,16,24
558,141,3,2,14,20,22
559,147,0,0,11,23,24
560,141,0,0,11,22,29
561,140,1,0,8,25,20
562,150,1,2,4,23,21
563,159,1,4,7,24,26
564,146,1,2,5,29,28
565,149,0,0,5,30,23
566,177,0,1,8,22,16
567,147,0,1,7,24,20
568,145,0,3,5,24,18
569,146,1,1,12,24,23
570,129,0,2,8,29,18
571,152,0,0,9,24,22
572,152,1,1,10,33,18
573,153,1,2,7,24,25
574,163,1,1,5,26,23
575,154,0,1,3,20,25
576,174,1,1,7,28,25
577,145,2,1,10,21,25
578,154,0,1,6,26,23
579,141,0,1,11,15,22
580,155,0,2,9,27,34
581,145,3,1,7,22,21
582,163,3,1,9,17,22
583,143,0,0,6,32,24
584,134,0,1,10,16,17
585,163,4,0,7,15,29
586,161,1,2,6,24,14
587,154,2,1,5,25,16
588,145,1,2,7,19,15
589,142,3,0,7,18,28
590,127,1,1,11,22,18
591,135,0,1,8,25,34
592,153,0,1,8,25,20
593,142,1,1,5,19,30
594,141,1,3,7,26,26
595,141,0,0,8,23,24
596,141,0,0,4,23,16
597,143,1,2,4,36,19
598,140,0,0,4,23,14
599,153,0,3,9,20,17
600,150,1,0,10,23,20
601,135,0,0,3,19,22
602,142,0,0,2,14,14
603,142,0,1,7,19,22
604,151,1,0,8,27,30
605,146,1,0,8,26,24
606,160,0,0,6,28,28
607,125,1,1,5,33,10
608,146,0,0,7,19,19
609,143,0,1,6,26,19
610,146,1,2,9,24,13
611,163,1,2,4,23,22
612,121,0,0,6,19,21
613,139,1,0,4,30,25
614,128,0,0,4,21,27
615,126,0,1,7,30,26
616,133,1,0,9,19,21
617,144,2,3,11,25,22
618,142,2,0,7,26,24
619,132,2,1,9,30,17
620,134,1,1,5,19,22
621,123,1,1,10,15,20
622,147,0,0,7,19,23
623,132,0,1,8,11,21
624,132,0,0,6,16,23
625,136,2,0,10,30,23
626,134,1,1,3,24,19
627,121,1,0,3,13,17
628,140,1,1,6,21,21
629,130,1,0,8,15,18
630,139,3,1,7,21,26
631,139,4,0,2,28,24
632,143,2,3,8,22,21
633,145,0,0,6,21,27
634,132,2,0,6,21,27
635,126,1,1,7,18,22
636,124,2,3,11,23,23
637,131,0,0,4,16,24
638,125,0,1,5,19,31
639,138,4,3,8,30,15
640,123,1,2,1,26,19
641,129,0,0,8,20,25
642,148,2,1,6,21,29
643,126,2,0,8,31,30
644,149,0,1,4,25,18
645,126,0,2,5,29,18
646,123,1,0,10,23,24
647,130,0,2,4,14,21
648,132,0,1,3,21,24
649,145,1,0,7,27,19
650,148,0,0,2,23,21
651,152,0,0,9,23,24
652,127,0,0,9,21,15
653,135,0,1,13,20,20
654,136,2,1,1,28,29
655,132,0,0,5,24,24
656,154,0,0,6,20,26
657,144,0,3,5,25,18
658,117,1,0,6,15,19
659,147,1,0,15,24,22
660,143,1,1,3,18,22
661,131,0,1,4,22,18
662,115,1,1,3,27,24
663,123,2,0,7,17,34
664,120,1,0,5,28,20
665,130,2,0,5,32,33
666,154,0,1,9,18,22
667,147,0,0,5,27,20
668,117,0,1,4,22,14
669,138,1,1,4,29,28
670,129,1,3,9,20,26
671,136,3,0,6,19,28
672,136,1,0,8,24,30
673,120,0,0,7,26,18
674,113,0,0,6,17,21
675,134,1,0,11,23,28
676,132,0,2,9,27,13
677,130,1,0,4,19,17
678,134,0,0,5,31,18
679,114,1,2,11,27,29
680,141,1,0,3,15,30
681,132,1,0,3,22,30
682,143,0,1,5,28,26
683,119,1,3,7,15,21
684,124,0,2,5,15,26
685,127,0,3,5,20,21
686,145,0,2,4,14,28
687,107,0,2,8,27,18
688,98,0,1,6,21,21
689,131,0,0,5,22,19
690,146,0,0,4,22,18
691,142,0,0,7,15,23
692,133,0,0,3,31,16
693,137,1,0,7,16,19
694,131,0,0,3,19,21
695,114,1,1,3,20,22
696,116,1,1,7,19,15
697,120,0,2,5,27,25
698,134,0,0,8,20,19
699,108,1,1,5,25,26
700,115,0,1,3,25,13
701,121,0,1,5,21,21
702,136,0,0,4,20,24
703,121,0,1,7,20,35
704,128,1,0,10,24,18
705,149,1,0,4,19,23
706,131,0,0,6,18,31
707,130,0,0,5,20,22
708,126,0,0,3,21,20
709,128,0,0,5,25,27
710,103,2,1,6,30,24
711,137,0,1,8,22,25
712,121,0,2,9,19,28
713,139,1,0,4,32,21
714,126,0,0,6,18,26
715,142,1,0,6,24,26
716,124,1,0,6,24,21
717,109,0,0,8,22,32
718,141,2,2,10,15,21
719,106,0,0,2,26,23
720,122,0,2,6,23,18
721,132,1,0,8,23,23
722,109,0,2,6,17,19
723,136,2,0,3,25,19
724,123,2,1,6,22,29
725,150,1,0,4,19,25
726,123,0,0,6,30,21
727,117,0,1,11,24,29
728,126,0,0,12,21,22
729,119,1,0,7,21,18
730,125,0,1,10,13,19
731,122,0,0,13,35,15
732,125,0,0,12,18,16
733,118,0,1,8,21,21
734,130,2,0,11,18,21
735,122,0,1,15,30,21
736,128,1,1,13,23,18
737,136,0,0,10,24,21
738,118,0,0,7,29,16
739,144,0,1,7,24,27
740,123,3,0,6,24,21
741,139,1,1,12,20,18
742,145,0,0,10,14,29
743,140,1,2,7,18,22
744,135,1,0,9,17,21
745,125,0,0,7,21,29
746,120,2,0,11,19,16
747,126,0,0,10,15,16
748,120,1,0,14,23,14
749,98,1,0,12,20,22
750,123,0,2,15,15,19
751,114,0,0,9,25,21
752,119,0,0,8,21,17
753,120,0,0,7,20,29
754,126,2,0,9,22,15
755,112,1,1,9,19,22
756,109,0,1,13,16,21
757,107,1,0,15,19,26
758,124,1,0,21,19,20
759,104,0,0,9,23,18
760,108,0,0,13,15,19
761,124,0,0,14,23,21
762,124,1,0,15,19,21
763,119,0,0,15,19,16
764,117,1,1,15,18,16
765,134,1,0,12,21,25
766,121,2,0,21,19,18
767,122,1,0,12,26,22
768,129,0,0,13,23,22
769,114,0,2,17,21,21
770,126,1,0,17,25,22
771,117,0,1,18,26,21
772,115,0,0,15,21,28
773,130,1,0,12,10,24
774,117,1,1,11,17,30
775,131,0,0,20,17,21
776,118,0,2,20,18,20
777,102,0,2,15,22,33
778,120,0,0,20,19,22
779,125,1,1,18,19,21
780,130,0,2,19,19,27
781,122,0,1,20,30,22
782,114,0,0,19,23,22
783,128,0,0,21,27,26
784,110,0,0,17,23,13
785,133,0,0,17,22,26
786,116,0,0,20,23,20
787,123,0,1,20,22,25
788,123,2,1,15,15,19
789,143,2,1,21,33,22
790,122,1,0,21,20,20
791,126,0,0,14,23,13
792,141,0,0,28,31,23
793,108,0,0,16,17,13
794,129,1,0,24,17,22
795,117,0,1,23,20,19
796,111,1,0,21,16,19
797,132,0,0,20,17,26
798,121,0,1,32,30,21
799,128,1,2,23,25,33
800,126,1,1,28,19,22
801,131,0,0,14,16,18
802,138,1,0,19,20,9
803,127,1,0,15,22,22
804,113,0,2,19,21,28
805,123,0,0,18,29,14
806,130,1,0,26,23,21
807,125,0,1,27,23,20
808,122,1,0,29,25,21
809,139,1,1,21,28,17
810,115,0,0,30,22,19
811,131,0,0,23,24,17
812,131,1,0,20,17,13
813,135,1,3,36,22,20
814,150,1,0,15,25,17
815,126,0,1,31,16,19
816,122,0,0,25,20,18
817,110,0,0,33,17,18
818,100,2,0,26,11,13
819,127,0,2,26,20,26
820,156,0,1,29,29,19
821,120,1,0,23,21,13
822,117,0,0,34,17,13
823,130,0,0,22,19,23
824,135,2,1,23,22,20
825,112,1,2,38,19,26
826,105,0,0,41,21,24
827,116,0,1,34,21,19
828,124,1,1,27,31,20
829,137,0,0,29,27,15
830,114,2,2,21,22,23
831,125,0,0,23,28,23
832,132,0,2,24,20,16
833,122,1,0,37,22,20
834,122,0,0,34,15,19
835,117,0,1,31,20,21
836,118,1,0,35,21,18
837,122,0,1,32,31,22
838,114,0,0,19,21,22
839,131,0,1,35,22,21
840,104,0,0,28,28,18
841,120,0,0,33,16,20
842,133,0,0,33,18,13
843,116,0,1,37,19,15
844,130,0,0,25,16,19
845,116,0,0,41,24,30
846,108,0,0,31,25,24
847,104,0,1,34,27,27
848,126,0,0,27,25,28
849,121,0,0,33,26,20
850,109,0,1,31,25,12
851,120,0,1,45,22,23
852,129,0,0,37,18,28
853,134,0,0,37,24,22
854,120,0,0,35,27,19
855,116,2,0,26,13,16
856,117,0,0,40,16,15
857,123,0,0,35,21,24
858,128,0,0,36,23,19
859,126,0,0,39,18,27
860,135,1,0,31,13,14
861,128,1,0,28,20,24
862,132,0,0,33,27,24
863,109,0,0,35,25,29
864,117,0,0,24,18,20
865,132,0,0,21,22,32
866,119,0,0,33,21,16
867,104,0,0,33,28,19
868,133,0,0,39,25,25
869,125,1,2,30,13,23
870,132,0,0,30,16,15
871,123,1,1,25,20,20
872,119,1,2,28,20,19
873,113,1,0,25,23,17
874,111,1,0,27,25,17
875,136,0,0,40,10,17
876,139,0,0,28,22,18
877,111,0,0,22,24,23
878,118,0,0,37,12,16
879,110,0,0,29,24,24
880,114,0,0,28,32,19
881,139,1,0,38,24,13
882,121,1,0,29,24,15
883,122,0,1,29,12,24
884,128,0,1,28,17,22
885,137,1,1,25,19,19
886,126,0,0,27,20,8
887,108,1,0,37,20,16
888,121,1,1,22,19,16
889,149,1,0,36,21,20
890,112,1,1,24,19,15
891,108,1,0,29,13,25
892,130,0,2,30,17,19
893,137,1,0,27,19,17
894,121,0,1,28,24,20
895,101,0,0,30,21,21
896,136,0,0,28,24,26
897,140,0,0,31,24,18
898,116,0,0,30,12,16
899,135,0,0,21,31,19
900,149,0,1,25,14,23
901,141,0,0,21,24,26
902,132,2,0,30,18,23
903,119,0,0,27,14,31
904,115,0,3,20,22,16
905,106,0,0,20,27,19
906,140,1,0,25,14,21
907,118,0,1,32,24,12
908,117,0,0,23,20,19
909,118,0,0,23,18,19
910,134,0,1,30,18,13
911,124,0,1,27,23,15
912,135,0,0,24,12,17
913,138,0,0,19,18,27
914,105,0,2,30,13,27
915,131,0,0,18,22,15
916,96,0,0,15,17,17
917,145,0,0,31,23,17
918,125,1,1,28,15,27
919,109,0,0,26,18,18
920,146,0,2,28,18,16
921,117,0,0,22,15,23
922,99,0,0,19,20,15
923,122,0,0,18,15,20
924,124,0,0,20,22,22
925,114,0,0,24,9,14
926,125,0,0,20,18,15
927,138,1,1,33,17,14
928,141,1,0,32,15,19
929,118,0,0,23,23,17
930,123,0,0,23,16,16
931,112,0,0,22,18,17
932,108,0,0,36,12,14
933,106,1,0,24,21,18
934,107,1,0,37,18,16
935,139,0,0,33,14,12
936,127,0,1,34,14,17
937,126,0,0,34,11,11
938,126,0,0,22,13,12
939,122,0,0,28,18,17
940,124,0,1,41,18,16
941,141,0,0,23,15,21
942,111,1,0,36,19,21
943,105,0,1,37,18,15
944,109,0,0,41,18,10
945,111,0,0,45,14,15
946,125,0,0,33,22,17
947,124,0,0,34,15,19
948,117,0,0,38,8,11
949,139,0,0,47,5,15
950,116,1,0,48,17,21
951,130,1,0,45,18,13
952,113,2,1,43,17,17
953,133,0,0,41,13,14
954,129,0,0,42,18,9
955,113,1,0,41,14,13
956,122,1,0,57,13,12
957,124,0,0,49,18,12
958,138,0,0,46,16,10
959,122,0,0,58,18,13
960,132,0,0,50,17,14
961,125,1,0,52,17,18
962,132,0,0,53,9,15
963,123,1,1,60,9,14
964,115,1,0,60,17,12
965,134,0,0,58,24,17
966,115,0,2,64,12,16
967,127,0,1,53,17,11
968,127,0,0,47,16,18
969,113,1,0,46,16,13
970,110,0,1,59,16,17
971,117,1,0,46,18,11
972,122,1,1,72,11,18
973,103,0,0,53,22,13
974,103,0,0,61,16,14
975,118,0,2,65,12,11
976,116,0,0,61,22,15
977,120,0,1,74,15,14
978,123,1,0,64,7,14
979,120,0,0,64,15,14
980,117,1,0,67,11,16
981,144,0,0,58,15,10
982,124,1,0,71,13,13
983,109,0,0,66,13,13
984,124,1,0,61,16,12
985,120,0,0,48,18,10
986,94,0,0,56,16,17
987,130,1,0,75,17,14
988,141,0,1,64,8,18
989,126,0,0,71,13,15
990,117,0,0,65,8,15
991,105,0,0,68,10,14
992,106,0,0,84,12,10
993,126,0,0,73,12,18
994,121,0,0,66,14,12
995,122,2,1,73,10,14
996,122,0,0,64,10,14
997,125,1,0,69,7,16
998,115,0,0,60,9,7
999,121,0,0,89,14,9
1000,132,1,0,71,18,8
1001,124,0,0,69,16,10
1002,124,0,0,84,18,13
1003,98,0,0,74,11,7
1004,135,0,1,79,16,10
1005,133,0,0,69,11,9
1006,126,0,0,65,11,17
1007,125,0,0,78,15,14
1008,112,0,1,78,17,9
1009,111,0,1,74,17,10
1010,117,0,0,73,19,16
1011,114,0,1,79,11,11
1012,112,1,0,55,18,15
1013,118,1,0,76,17,15
1014,104,0,0,78,15,11
1015,135,0,0,67,8,9
1016,115,0,0,71,12,11
1017,108,0,2,68,14,12
1018,98,0,0,60,12,12
1019,124,0,0,73,9,12
1020,131,0,0,57,10,7
1021,119,0,0,77,13,15
1022,145,1,1,73,12,18
1023,125,1,1,64,15,19
1024,132,0,0,52,5,12
1025,107,0,1,59,14,8
1026,92,0,0,54,17,9
1027,95,0,1,57,19,7
1028,116,0,0,63,13,13
1029,107,2,1,52,17,16
1030,102,1,0,59,13,5
1031,121,1,0,55,7,7
1032,109,0,0,73,16,10
1033,119,1,0,66,21,10
1034,123,0,1,61,12,18
1035,112,0,0,59,14,11
1036,133,0,0,57,11,11
1037,131,1,0,63,16,17
1038,117,0,2,66,19,8
1039,121,0,0,67,14,10
1040,113,0,0,69,13,11
1041,127,0,0,58,10,17
1042,122,0,0,62,18,11
1043,114,0,1,66,13,18
1044,123,0,0,71,14,7
1045,130,0,1,74,10,10
1046,127,1,0,76,15,11
1047,141,0,0,54,15,14
1048,95,0,0,52,16,11
1049,112,0,0,49,13,17
1050,145,0,0,48,10,12
1051,110,1,0,49,16,11
1052,114,0,0,42,18,13
1053,132,0,0,75,12,12
1054,136,0,1,60,7,7
1055,116,0,0,47,14,15
1056,120,0,1,44,16,12
1057,110,0,0,55,16,8
1058,129,1,0,49,11,13
1059,139,0,1,40,9,11
1060,138,1,0,47,9,16
1061,144,0,0,57,14,4
1062,149,1,0,57,12,14
1063,126,1,0,43,7,10
1064,135,0,0,53,10,4
1065,119,1,0,54,18,12
1066,108,0,0,47,14,13
1067,111,2,0,44,20,12
1068,128,0,1,39,4,7
1069,121,1,0,36,15,15
1070,133,0,0,46,11,8
1071,118,0,0,38,14,12
1072,131,0,0,44,10,7
1073,114,0,2,38,16,8
1074,151,1,1,27,8,11
1075,121,0,0,35,8,13
1076,128,0,1,37,9,8
1077,121,0,0,43,10,16
1078,117,1,0,38,14,17
1079,131,1,0,31,13,18
1080,134,1,0,43,21,11
1081,123,0,0,44,14,16
1082,127,0,0,42,10,14
1083,113,1,0,30,14,15
1084,117,0,0,38,11,11
1085,142,0,0,33,10,11
1086,138,0,0,29,10,13
1087,115,2,0,36,6,13
1088,134,0,1,32,11,14
1089,117,1,1,13,14,6
1090,116,0,0,29,15,13
1091,122,0,0,15,8,15
1092,131,2,0,39,11,17
1093,131,0,0,23,8,7
1094,131,0,0,17,10,12
1095,113,0,0,30,15,10
1096,123,0,0,27,14,7
1097,129,0,0,28,18,12
1098,127,0,1,20,10,14
1099,117,0,0,22,12,10
1100,132,0,0,28,10,8
1101,129,0,0,18,9,10
1102,138,0,1,19,10,7
1103,117,0,0,21,12,12
1104,133,0,0,21,16,7
1105,117,1,0,26,14,15
1106,112,0,0,23,13,10
1107,128,1,1,14,13,13
1108,113,0,2,21,10,8
1109,139,0,0,28,9,10
1110,136,0,0,19,11,7
1111,138,0,2,23,13,9
1112,123,0,0,23,17,8
1113,124,0,0,11,13,17
1114,138,0,1,17,16,8
1115,118,0,0,13,10,14
1116,128,0,0,13,12,22
1117,136,1,0,19,10,8
1118,126,0,1,15,18,13
1119,146,0,0,18,9,5
1120,128,0,0,14,18,11
1121,124,1,0,15,23,6
1122,133,3,0,20,20,16
1123,132,0,0,15,14,11
1124,145,0,0,11,11,13
1125,138,0,0,13,17,9
1126,118,1,0,11,12,13
1127,121,1,0,7,12,18
1128,128,0,0,16,10,13
1129,145,0,1,9,13,11
1130,118,0,0,12,14,8
1131,140,0,1,14,13,11
1132,140,0,0,10,10,9
1133,122,0,0,14,13,13
1134,132,0,0,11,11,9
1135,119,0,0,9,11,4
1136,108,0,0,22,18,8
1137,134,0,0,12,8,14
1138,127,0,0,13,18,7
1139,131,0,0,10,11,15
1140,127,0,0,7,8,16
1141,136,0,0,8,9,12
1142,137,0,0,9,16,19
1143,142,0,1,6,13,16
1144,127,1,0,8,10,22
1145,127,0,0,10,8,11
1146,137,0,0,5,8,16
1147,142,0,0,10,13,16
1148,126,0,0,6,8,14
1149,124,0,0,10,9,13
1150,119,0,0,9,7,15
1151,124,0,0,9,12,12
1152,144,0,2,5,7,9
1153,127,0,0,8,13,13
1154,151,0,0,5,12,6
1155,133,0,2,4,16,11
1156,138,0,1,2,11,11
1157,138,0,2,3,12,12
1158,136,0,0,5,9,13
1159,120,0,1,3,10,12
1160,144,0,1,7,5,12
1161,132,0,0,7,10,11
1162,127,0,1,4,17,18
1163,136,0,0,3,19,6
1164,112,0,0,4,17,16
1165,133,0,0,5,17,17
1166,149,0,0,1,8,14
1167,124,0,0,2,9,8
1168,126,0,0,1,17,13
1169,126,0,0,7,10,4
1170,128,0,1,4,14,10
1171,112,0,0,7,15,13
1172,99,0,0,2,22,11
1173,129,0,0,2,14,8
1174,118,0,0,2,10,14
1175,126,0,0,7,20,17
1176,134,1,0,4,13,15
1177,132,0,0,4,13,14
1178,127,0,0,5,14,14
1179,115,1,0,1,7,10
1180,128,0,0,3,11,14
1181,131,0,0,5,13,13
1182,120,0,0,4,12,8
1183,119,0,2,3,15,12
1184,147,0,0,4,14,17
1185,108,0,0,3,16,19
1186,116,0,0,5,13,14
1187,119,0,1,2,17,14
1188,132,0,0,1,14,12
1189,129,1,0,3,14,21
1190,126,1,0,3,15,15
1191,115,0,0,1,10,17
1192,117,0,1,2,14,17
1193,140,0,0,1,15,24
1194,133,0,1,0,10,18
1195,107,0,0,1,12,15
1196,131,0,1,1,11,6
1197,105,0,0,3,11,13
1198,151,0,0,1,13,16
1199,116,0,1,1,16,17
1200,139,0,0,0,8,17
1201,131,0,0,1,12,16
1202,132,0,0,1,8,9
1203,131,1,0,2,11,13
1204,121,0,0,3,10,13
1205,123,0,0,0,16,12
1206,125,0,1,1,9,14
1207,130,1,0,3,20,8
1208,129,0,0,0,17,14
1209,130,0,0,0,16,5
1210,152,0,0,0,17,19
1211,148,0,0,1,17,11
1212,132,0,0,0,13,12
1213,109,0,0,0,16,13
1214,153,0,0,1,5,9
1215,142,0,0,1,15,10
1216,133,0,1,0,13,14
1217,127,0,0,1,19,9
1218,147,1,1,0,16,19
1219,116,1,0,0,10,13
1220,128,0,0,0,6,18
1221,124,0,0,0,12,12
1222,123,0,0,0,13,17
1223,128,0,0,2,8,8
1224,109,0,1,1,12,17
1225,122,0,0,0,9,11
1226,112,0,1,0,12,12
1227,124,0,0,0,13,16
1228,121,0,0,0,16,14
1229,123,1,0,2,12,10
1230,124,0,0,1,15,10
1231,143,0,0,0,16,16
1232,118,0,0,0,7,16
1233,106,0,0,1,12,13
1234,133,0,0,1,16,12
1235,111,0,0,0,17,13
1236,132,0,1,0,15,19
1237,136,0,1,0,16,17
1238,106,0,0,0,16,13
1239,128,0,2,1,15,15
1240,121,0,0,0,18,15
1241,113,0,0,0,14,18
1242,114,1,0,0,14,16
1243,105,0,0,2,13,12
1244,135,0,1,1,9,22
1245,133,1,0,0,11,16
1246,107,1,0,0,11,18
1247,120,0,0,0,17,12
1248,128,2,0,0,12,21
1249,123,0,1,1,16,15
1250,100,0,1,0,12,13
1251,116,0,0,0,19,13
1252,99,0,0,0,19,14
1253,129,0,0,1,14,10
1254,107,0,0,0,13,5
1255,119,0,0,0,11,10
1256,130,1,0,0,13,16
1257,116,0,0,0,13,10
1258,121,0,1,0,9,12
1259,114,0,0,0,17,20
1260,106,0,0,0,15,17
1261,116,0,1,0,11,12
1262,94,0,1,0,12,17
1263,114,0,0,0,17,12
1264,120,0,0,1,15,12
1265,112,1,0,0,17,12
1266,84,0,0,0,11,9
1267,111,0,0,0,13,19
1268,112,0,0,0,15,16
1269,102,0,0,0,16,14
1270,127,0,0,0,17,10
1271,121,0,1,0,21,16
1272,103,0,0,0,16,13
1273,108,0,0,0,20,10
1274,100,0,1,1,16,12
1275,110,0,0,0,10,21
1276,94,0,0,1,17,18
1277,85,0,0,1,19,14
1278,116,0,0,0,22,18
1279,112,0,1,0,17,13
1280,100,2,0,0,14,18
1281,89,0,0,1,25,27
1282,100,0,0,1,16,15
1283,93,1,0,1,16,12
1284,89,0,0,0,19,23
1285,102,1,0,0,14,21
1286,87,0,1,0,24,15
1287,102,0,0,0,16,13
1288,119,0,0,0,12,20
1289,100,0,0,0,20,16
1290,112,0,0,1,15,15
1291,95,0,0,1,22,17
1292,87,0,0,1,13,28
1293,97,0,0,0,23,19
1294,103,0,0,0,27,18
1295,80,0,0,0,21,20
1296,81,0,0,0,21,15
1297,81,1,0,0,21,30
1298,77,0,1,0,22,21
1299,93,0,1,0,19,21
1300,115,0,1,0,24,30
1301,100,2,0,0,16,26
1302,97,0,1,0,26,19
1303,75,0,0,0,30,28
1304,95,0,0,0,31,20
1305,88,0,0,0,17,26
1306,92,0,0,1,20,24
1307,107,0,0,0,19,28
1308,94,0,0,0,23,25
1309,94,0,1,0,28,23
1310,79,0,0,0,20,31
1311,90,0,0,0,33,24
1312,81,0,0,0,26,31
1313,95,0,0,2,20,27
1314,83,0,0,1,35,22
1315,94,0,0,0,28,34
1316,81,0,1,0,31,32
1317,77,0,1,0,27,25
1318,93,0,0,0,29,32
1319,81,0,1,1,34,27
1320,84,0,0,0,21,29
1321,81,1,1,0,26,23
1322,85,0,0,0,33,26
1323,79,0,0,0,34,32
1324,79,0,0,0,20,45
1325,79,0,0,0,42,27
1326,65,0,0,1,36,34
1327,75,0,0,1,31,26
1328,82,0,1,0,29,22
1329,75,1,0,0,31,40
1330,66,0,0,0,33,40
1331,89,0,0,0,36,38
1332,65,0,1,0,37,31
1333,81,0,0,0,31,40
1334,95,2,0,1,34,41
1335,78,1,0,0,42,52
1336,77,0,0,0,31,36
1337,59,0,0,0,30,46
1338,65,0,0,0,34,40
1339,71,0,1,1,40,49
1340,74,0,0,0,39,39
1341,84,1,1,1,53,43
1342,69,0,0,0,57,45
1343,82,1,0,1,37,43
1344,58,0,0,0,49,58
1345,77,0,0,0,47,46
1346,66,0,0,1,52,56
1347,79,0,1,1,37,44
1348,68,1,0,0,43,45
1349,59,0,0,0,48,51
1350,66,0,0,0,59,44
1351,75,0,0,0,57,43
1352,68,0,0,0,50,52
1353,60,0,0,0,46,52
1354,52,1,0,0,51,47
1355,74,0,0,0,56,47
1356,61,0,0,1,75,45
1357,70,0,0,0,49,64
1358,55,0,0,0,55,53
1359,62,1,0,0,53,48
1360,63,0,0,0,55,52
1361,58,0,0,0,54,55
1362,59,0,0,1,52,53
1363,61,1,0,0,49,50
1364,58,0,0,1,57,58
1365,59,0,0,0,61,66
1366,50,0,0,0,56,55
1367,53,0,1,0,62,63
1368,61,0,1,0,70,69
1369,61,1,0,0,69,67
1370,57,0,1,0,64,76
1371,55,0,0,0,83,60
1372,57,0,0,0,69,58
1373,68,0,0,0,55,62
1374,63,0,0,1,62,75
1375,66,0,0,1,64,75
1376,54,0,0,0,62,66
1377,55,0,1,0,61,65
1378,60,0,1,0,55,72
1379,60,0,0,0,96,66
1380,61,1,0,0,74,72
1381,50,1,0,0,86,58
1382,70,0,0,0,55,100
1383,57,0,0,0,84,77
1384,64,0,0,0,79,80
1385,47,0,0,0,63,78
1386,54,1,0,0,86,77
1387,57,1,0,0,91,73
1388,59,0,0,0,85,74
1389,62,0,0,0,91,76
1390,52,0,2,0,87,95
1391,58,0,0,0,73,74
1392,56,0,0,0,74,61
1393,43,0,0,0,76,71
1394,56,0,0,0,89,64
1395,45,0,0,0,71,88
1396,49,0,0,0,67,72
1397,46,0,1,1,84,93
1398,69,0,0,0,105,92
1399,51,1,0,0,78,76
1400,45,0,0,0,74,68
1401,49,0,1,0,83,81
1402,49,0,0,0,74,88
1403,55,0,0,0,83,71
1404,65,1,0,0,87,96
1405,44,0,2,1,95,80
1406,57,0,1,0,77,107
1407,67,0,0,0,84,73
1408,49,0,0,0,101,79
1409,54,0,0,0,79,103
1410,53,0,0,1,80,80
1411,49,0,0,0,99,79
1412,49,0,0,0,80,89
1413,52,1,0,0,92,103
1414,66,0,0,0,88,89
1415,66,0,0,0,89,82
1416,50,0,0,0,92,91
1417,57,0,0,2,86,92
1418,52,0,0,0,81,89
1419,47,1,0,0,76,95
1420,43,0,0,0,75,84
1421,54,0,0,0,72,94
1422,49,0,0,0,93,85
1423,55,0,0,0,91,85
1424,46,0,0,0,87,83
1425,62,1,0,0,81,101
1426,50,1,0,0,87,91
1427,55,0,0,0,93,86
1428,45,0,0,1,98,85
1429,47,0,0,0,76,78
1430,39,1,0,0,84,79
1431,42,0,0,0,97,81
1432,47,0,0,0,84,86
1433,51,0,0,0,93,83
1434,54,0,0,1,80,79
1435,50,0,1,1,62,94
1436,56,0,0,1,90,91
1437,49,1,0,0,91,78
1438,43,0,0,1,90,84
1439,49,0,0,0,73,92
1440,45,1,0,0,88,75
1441,44,1,0,0,90,78
1442,58,0,0,0,81,73
1443,38,0,2,0,97,93
1444,52,1,0,0,83,74
1445,43,0,0,1,71,63
1446,55,0,1,1,81,92
1447,46,2,0,0,88,85
1448,46,0,1,0,71,85
1449,39,0,0,0,75,80
1450,54,1,0,0,80,68
1451,39,0,0,0,66,88
1452,48,0,0,0,72,80
1453,48,0,0,0,65,88
1454,46,0,0,0,84,74
1455,50,0,0,0,81,67
1456,33,0,0,0,64,73
1457,52,1,1,0,84,73
1458,59,0,0,0,80,72
1459,49,0,0,0,88,69
1460,45,1,0,0,72,75
1461,48,0,0,0,68,66
1462,56,0,0,0,57,68
1463,43,0,0,1,67,78
1464,43,1,0,0,76,76
1465,44,0,0,0,58,83
1466,52,0,0,0,66,74
1467,41,1,0,1,67,61
1468,41,0,0,0,65,76
1469,48,0,0,0,74,60
1470,46,0,1,0,59,68
1471,40,1,0,0,56,70
1472,48,0,1,0,58,77
1473,41,1,0,0,83,64
1474,47,0,0,0,55,62
1475,48,1,0,0,74,75
1476,48,0,0,0,72,49
1477,56,0,0,0,61,57
1478,49,0,0,0,59,52
1479,44,0,0,0,56,58
1480,38,0,1,0,76,61
1481,36,0,0,0,53,53
1482,39,0,0,1,58,51
1483,50,0,0,0,51,45
1484,44,0,0,0,50,60
1485,40,0,0,0,52,56
1486,32,0,0,1,67,56
1487,54,0,1,0,57,63
1488,48,1,1,0,48,44
1489,38,0,0,0,59,59
1490,35,0,0,0,57,56
1491,50,0,0,0,49,59
1492,47,0,0,1,50,49
1493,43,1,0,1,61,54
1494,57,0,0,0,50,44
1495,33,0,0,0,63,52
1496,55,0,0,0,35,52
1497,45,0,0,0,47,53
1498,47,0,0,0,37,44
1499,40,0,1,0,47,40
1500,35,0,0,2,47,38
1501,49,0,0,0,52,53
1502,43,0,0,0,45,41
1503,39,0,0,1,45,27
1504,43,0,0,0,45,37
1505,53,0,0,0,55,47
1506,55,0,0,0,41,35
1507,47,0,0,0,38,33
1508,52,0,0,0,38,23
1509,53,2,0,1,43,33
1510,49,0,0,0,43,42
1511,34,0,0,0,42,45
1512,40,0,1,0,32,44
1513,44,0,0,0,32,30
1514,40,0,0,0,36,34
1515,38,0,0,0,38,42
1516,43,1,0,0,29,33
1517,43,0,0,1,35,29
1518,44,1,0,1,32,34
1519,41,0,0,0,25,31
1520,33,1,0,0,23,26
1521,42,0,0,0,31,43
1522,32,0,0,0,30,37
1523,57,0,0,0,32,45
1524,36,0,0,0,39,41
1525,40,0,0,0,35,30
1526,55,0,0,0,29,23
1527,47,0,0,0,31,37
1528,38,0,0,0,30,28
1529,31,1,1,0,27,23
1530,38,0,0,0,20,28
1531,40,0,0,0,29,44
1532,43,0,0,1,39,37
1533,39,0,0,1,26,27
1534,38,0,0,0,25,39
1535,41,0,0,1,31,28
1536,55,1,0,0,26,30
1537,40,0,0,0,24,30
1538,53,0,0,0,21,35
1539,41,0,2,1,19,25
1540,51,0,0,0,17,23
1541,26,0,0,0,21,23
1542,50,1,0,0,23,21
1543,49,0,0,0,22,20
1544,33,0,0,1,19,23
1545,43,0,0,0,22,18
1546,37,0,0,0,35,22
1547,47,0,0,0,25,23
1548,46,0,0,0,23,29
1549,37,0,0,0,24,21
1550,37,1,0,0,29,23
1551,36,1,0,0,26,21
1552,31,0,1,0,19,17
1553,56,0,0,0,22,27
1554,44,0,0,0,16,14
1555,44,0,0,0,12,19
1556,45,0,0,0,15,13
1557,48,0,0,1,18,16
1558,40,0,0,0,19,18
1559,32,0,0,0,15,19
1560,31,0,1,0,15,15
1561,45,0,0,0,20,14
1562,45,0,0,0,15,23
1563,53,0,0,1,16,16
1564,48,1,1,0,20,12
1565,42,0,0,0,15,16
1566,34,0,0,0,18,12
1567,45,0,0,0,17,23
1568,41,1,0,0,13,24
1569,43,0,0,1,22,14
1570,40,0,0,0,19,10
1571,34,0,0,0,14,12
1572,44,0,1,0,18,14
1573,51,0,0,0,12,13
1574,44,0,0,1,14,17
1575,39,0,0,0,10,12
1576,41,0,0,0,19,17
1577,44,0,0,0,12,19
1578,46,1,0,0,18,12
1579,39,0,0,0,18,12
1580,43,1,1,0,14,16
1581,38,1,1,0,10,14
1582,43,0,0,0,21,13
1583,42,0,0,0,10,15
1584,34,1,1,0,9,15
1585,39,0,0,0,13,7
1586,50,0,1,0,10,22
1587,47,0,0,1,14,14
1588,46,0,0,0,9,14
1589,43,0,0,0,11,7
1590,37,0,0,0,13,17
1591,39,0,0,0,12,16
1592,39,0,0,0,17,13
1593,35,0,0,1,11,11
1594,44,0,0,0,11,7
1595,44,0,0,2,9,10
1596,47,0,1,0,9,8
1597,40,0,0,0,15,8
1598,43,0,0,0,8,10
1599,40,0,0,0,15,14
1600,47,0,0,0,10,10
1601,50,0,0,0,15,12
1602,37,0,0,0,11,7
1603,43,0,2,0,8,10
1604,43,0,0,0,8,5
1605,37,0,0,0,9,8
1606,47,0,0,0,7,11
1607,48,0,0,0,7,7
1608,40,0,0,0,7,7
1609,38,0,0,0,4,5
1610,42,0,0,0,11,8
1611,52,0,0,0,9,8
1612,28,0,0,0,3,10
1613,42,0,0,0,10,7
1614,49,0,0,0,10,7
1615,49,0,1,0,8,9
1616,40,0,0,0,12,8
1617,49,0,0,0,10,6
1618,47,0,0,0,10,7
1619,47,0,0,0,2,7
1620,47,0,0,0,10,2
1621,51,0,0,0,9,13
1622,55,0,0,0,8,6
1623,35,0,0,0,6,8
1624,40,0,0,1,11,4
1625,39,0,0,0,6,7
1626,42,0,0,0,8,5
1627,43,0,0,0,8,7
1628,44,0,0,0,6,5
1629,49,0,0,0,8,4
1630,59,0,0,0,4,7
1631,55,0,0,1,6,7
1632,46,0,0,0,4,7
1633,34,0,0,0,4,5
1634,54,1,1,0,4,7
1635,52,0,0,0,7,7
1636,48,0,0,0,10,7
1637,38,1,0,0,8,11
1638,44,0,0,0,8,10
1639,40,0,0,0,8,6
1640,36,0,0,0,7,8
1641,62,1,0,0,8,4
1642,59,0,0,0,6,4
1643,58,0,1,0,8,8
1644,38,0,0,0,10,3
1645,52,0,0,0,7,4
1646,74,0,1,0,9,8
1647,48,1,0,1,6,11
1648,47,0,0,0,11,8
1649,51,0,0,0,7,7
1650,37,0,0,0,7,7
1651,57,0,0,0,6,3
1652,64,0,0,0,8,3
1653,62,0,0,2,6,10
1654,58,1,0,0,7,10
1655,60,0,0,0,7,9
1656,62,0,0,0,9,7
1657,54,0,0,0,7,9
1658,61,0,0,0,4,3
1659,76,0,0,0,5,3
1660,62,0,0,0,6,7
1661,56,0,0,0,13,8
1662,72,0,0,1,12,6
1663,88,0,0,0,5,5
1664,64,0,0,1,9,5
1665,71,0,0,0,6,9
1666,83,0,0,0,8,9
1667,74,0,0,0,7,14
1668,80,0,2,0,6,7
1669,86,1,0,0,5,10
1670,95,0,0,0,5,3
1671,92,1,0,0,5,7
1672,66,0,0,0,4,5
1673,82,0,0,0,5,5
1674,95,0,0,0,8,16
1675,98,0,0,0,8,8
1676,93,0,0,0,6,7
1677,100,0,0,0,8,6
1678,93,0,0,0,4,13
1679,103,0,0,0,6,3
1680,82,0,0,0,8,6
1681,98,0,0,0,4,3
1682,90,0,0,0,3,6
1683,99,0,0,0,10,7
1684,101,1,0,0,8,5
1685,104,0,0,0,6,6
1686,97,0,0,0,8,7
1687,114,0,0,0,6,4
1688,122,0,0,1,9,5
1689,112,0,0,0,6,7
1690,108,0,0,0,3,4
1691,121,1,0,0,6,7
1692,119,1,0,0,4,8
1693,129,1,1,0,8,3
1694,116,0,0,0,8,5
1695,108,0,0,0,7,6
1696,123,0,0,0,10,6
1697,134,1,0,0,5,5
1698,131,0,0,0,6,3
1699,138,0,0,0,6,11
1700,149,1,0,0,3,7
1701,138,0,0,2,8,13
1702,147,0,0,0,7,7
1703,142,0,0,0,7,5
1704,178,0,0,0,5,4
1705,153,0,1,0,6,3
1706,172,0,0,0,6,3
1707,178,0,0,0,5,8
1708,148,0,0,1,5,5
1709,147,0,0,0,5,5
1710,183,0,0,0,7,4
1711,184,0,0,0,6,4
1712,141,0,1,0,9,4
1713,195,0,0,0,6,5
1714,178,0,0,0,6,4
1715,175,0,0,0,9,6
1716,186,0,0,0,3,3
1717,192,0,0,0,9,3
1718,212,0,0,0,5,6
1719,220,0,0,0,3,3
1720,227,0,1,0,7,5
1721,205,0,0,0,9,4
1722,212,1,1,1,3,10
1723,228,0,0,0,3,6
1724,209,1,1,0,6,4
1725,220,0,0,0,4,7
1726,222,0,0,0,7,4
1727,231,0,0,1,6,10
1728,230,0,0,0,8,5
1729,231,0,0,0,8,6
1730,248,0,0,0,3,7
1731,225,0,0,0,8,5
1732,271,0,1,0,5,5
1733,231,0,0,0,3,6
1734,267,0,0,0,9,3
1735,297,0,0,0,6,11
1736,253,0,0,0,8,7
1737,292,0,0,0,7,6
1738,271,0,0,0,6,10
1739,276,0,0,1,3,9
1740,284,0,1,1,6,9
1741,312,0,1,0,2,1
1742,278,0,0,0,5,8
1743,291,0,0,1,4,4
1744,272,0,1,1,5,2
1745,271,0,0,1,7,5
1746,294,0,0,0,3,6
1747,325,0,0,0,9,9
1748,327,1,0,0,7,7
1749,312,0,1,0,10,7
1750,317,0,0,1,5,2
1751,323,0,0,0,4,7
1752,352,0,0,0,4,12
1753,315,0,0,0,9,4
1754,355,0,0,0,7,5
1755,371,0,0,0,9,6
1756,351,0,0,0,6,4
1757,391,0,0,0,4,3
1758,369,0,0,0,10,4
1759,356,0,0,0,2,7
1760,362,0,0,1,3,9
1761,392,1,1,0,11,3
1762,368,0,0,0,4,10
1763,372,0,0,0,4,4
1764,368,0,0,0,5,6
1765,373,0,1,0,9,5
1766,407,0,0,0,8,9
1767,435,0,0,0,9,7
1768,435,0,0,0,5,5
1769,403,0,1,0,6,9
1770,411,0,0,0,5,5
1771,415,0,1,1,7,8
1772,407,0,1,0,5,7
1773,452,0,0,0,6,6
1774,407,1,0,0,5,5
1775,379,0,0,0,8,2
1776,409,0,0,0,7,6
1777,426,1,0,0,9,0
1778,477,0,0,0,7,9
1779,437,0,0,1,7,3
1780,444,0,0,1,6,6
1781,423,0,0,0,2,5
1782,495,0,0,0,9,2
1783,472,0,0,1,6,4
1784,491,0,1,0,3,12
1785,450,0,1,0,8,2
1786,442,0,0,0,5,10
1787,452,0,0,0,10,3
1788,484,1,0,0,6,6
1789,480,0,0,0,8,7
1790,433,0,0,0,8,9
1791,481,0,0,0,10,2
1792,487,0,1,0,6,4
1793,471,0,0,0,6,5
1794,456,0,0,0,4,2
1795,499,0,1,0,6,3
1796,471,0,0,0,4,9
1797,480,0,0,0,6,6
1798,457,0,0,0,3,3
1799,497,1,0,1,6,5
1800,467,0,0,0,3,3
1801,468,0,0,0,6,4
1802,457,0,0,0,5,5
1803,478,0,0,0,10,5
1804,489,1,0,0,3,4
1805,497,0,0,0,5,5
1806,515,0,0,0,7,7
1807,468,0,1,0,14,6
1808,498,0,1,0,2,6
1809,526,0,1,0,7,7
1810,483,0,0,0,7,3
1811,526,0,0,0,4,8
1812,504,0,0,0,6,8
1813,518,0,1,0,2,3
1814,516,0,0,0,6,3
1815,555,0,0,0,7,7
1816,532,0,1,0,7,6
1817,501,0,0,0,6,8
1818,460,0,0,0,3,11
1819,483,0,0,1,6,7
1820,494,0,0,0,3,5
1821,531,0,0,0,4,3
1822,488,0,0,0,10,3
1823,489,1,0,0,6,1
1824,521,0,0,0,6,8
1825,504,0,0,0,5,5
1826,534,0,0,0,5,6
1827,520,0,0,0,9,6
1828,515,0,0,0,11,3
1829,508,0,0,0,7,5
1830,488,0,0,0,4,8
1831,532,0,0,0,2,7
1832,470,1,0,0,7,5
1833,523,0,0,0,5,7
1834,535,0,0,0,5,3
1835,456,0,0,0,8,7
1836,483,0,0,0,4,6
1837,465,0,0,0,7,6
1838,521,0,0,0,9,5
1839,513,0,1,0,9,9
1840,491,0,0,0,8,4
1841,450,0,1,0,5,8
1842,451,0,1,0,1,4
1843,454,0,0,0,5,3
1844,484,0,2,0,4,6
1845,487,0,0,0,7,0
1846,489,0,0,0,8,2
1847,460,0,0,0,6,6
1848,458,0,0,0,10,5
1849,473,0,0,0,7,4
1850,465,0,0,0,4,7
1851,432,0,0,0,6,8
1852,443,0,0,0,3,8
1853,468,0,0,0,5,10
1854,452,0,0,0,4,0
1855,454,0,0,0,0,9
1856,459,0,0,0,6,5
1857,455,0,0,0,8,5
1858,463,0,0,0,4,5
1859,447,0,0,0,7,8
1860,448,0,0,0,5,5
1861,443,0,0,0,5,6
1862,438,0,1,0,5,6
1863,445,0,0,0,4,5
1864,432,1,0,0,6,2
1865,432,0,1,1,5,6
1866,440,1,0,0,8,5
1867,379,0,0,1,5,4
1868,401,0,0,0,3,7
1869,368,0,1,0,5,7
1870,401,0,1,0,11,5
1871,362,0,0,0,8,9
1872,368,0,0,0,4,5
1873,406,0,0,0,2,5
1874,400,1,0,0,9,4
1875,371,0,0,0,6,10
1876,353,1,0,0,1,7
1877,356,1,0,1,6,5
1878,378,0,0,0,3,7
1879,388,0,1,0,4,5
1880,370,0,0,0,8,1
1881,368,0,0,0,3,4
1882,339,0,0,0,4,3
1883,344,0,0,0,6,1
1884,331,1,0,0,3,1
1885,355,0,0,0,6,4
1886,309,0,0,0,5,6
1887,346,0,0,0,6,7
1888,337,0,0,0,7,8
1889,322,0,0,0,7,5
1890,347,0,0,0,3,11
1891,350,0,0,0,5,8
1892,312,0,0,0,4,5
1893,312,0,0,0,5,8
1894,305,0,0,0,15,4
1895,302,0,0,0,10,5
1896,335,0,0,1,2,7
1897,290,0,1,1,9,4
1898,301,0,0,0,7,2
1899,272,0,0,0,10,3
1900,297,0,0,0,6,5
1901,256,0,0,0,11,6
1902,298,0,0,0,5,13
1903,268,1,1,0,5,4
1904,270,0,0,0,10,8
1905,290,0,0,0,4,4
1906,276,2,0,0,5,3
1907,268,0,0,0,2,4
1908,277,0,0,0,2,3
1909,260,0,0,1,9,8
1910,244,0,0,0,7,3
1911,275,0,0,0,5,5
1912,245,0,0,0,3,4
1913,293,0,0,0,5,5
1914,254,0,0,0,4,4
1915,236,0,0,0,2,4
1916,250,0,1,0,6,3
1917,236,0,1,0,7,5
1918,228,0,0,0,8,2
1919,231,1,0,0,6,6
1920,203,0,0,0,8,5
1921,224,0,0,0,2,3
1922,244,0,0,0,9,7
1923,197,1,0,0,4,5
1924,250,0,0,0,7,9
1925,239,1,0,0,6,6
1926,209,0,0,0,6,6
1927,190,0,0,0,6,6
1928,197,0,0,1,8,6
1929,209,0,0,0,9,4
1930,195,0,0,0,8,6
1931,212,0,0,0,7,4
1932,203,0,1,0,5,5
1933,193,0,0,1,6,7
1934,187,0,0,0,7,6
1935,185,0,1,0,4,3
1936,200,0,0,0,5,8
1937,168,0,0,0,3,7
1938,178,0,0,0,7,10
1939,206,0,0,0,7,5
1940,184,0,0,0,2,4
1941,185,0,1,0,11,6
1942,189,0,0,0,3,5
1943,168,0,0,0,4,11
1944,146,0,0,0,8,5
1945,175,0,0,0,6,4
1946,171,0,0,0,8,3
1947,169,0,0,0,8,9
1948,156,1,0,0,7,7
1949,140,0,0,0,3,1
1950,142,0,1,0,5,6
1951,149,0,0,0,4,6
1952,155,1,0,0,9,3
1953,134,0,0,0,12,3
1954,147,0,0,0,8,5
1955,130,0,0,0,2,11
1956,127,0,0,0,10,6
1957,141,1,0,0,4,7
1958,133,0,0,0,3,4
1959,128,0,0,0,6,6
1960,133,0,0,0,5,4
1961,130,0,0,0,9,6
1962,125,1,0,0,8,7
1963,128,0,0,0,5,3
1964,111,0,0,0,3,5
1965,110,1,0,0,6,10
1966,129,0,0,1,8,5
1967,92,0,0,1,1,7
1968,107,0,0,0,7,9
1969,101,1,0,0,2,5
1970,120,0,0,0,4,5
1971,92,0,0,0,6,6
1972,99,0,0,0,4,7
1973,89,1,0,0,12,3
1974,100,0,0,0,5,9
1975,102,1,0,0,7,3
1976,86,0,1,0,10,7
1977,73,0,0,0,8,15
1978,84,0,0,0,4,3
1979,75,0,0,0,2,5
1980,84,0,1,1,5,9
1981,74,0,0,0,11,4
1982,97,0,0,0,10,7
1983,85,0,1,0,5,3
1984,66,0,0,0,4,7
1985,78,0,0,0,9,4
1986,71,0,0,0,7,8
1987,76,0,0,0,5,12
1988,66,0,0,0,4,3
1989,72,0,0,0,7,8
1990,68,0,0,0,7,7
1991,89,0,0,0,6,6
1992,71,0,0,0,7,1
1993,65,0,0,0,3,5
1994,67,0,0,0,2,8
1995,75,0,0,0,8,5
1996,72,0,0,0,5,8
1997,68,0,0,0,7,6
1998,62,0,0,0,7,4
1999,55,1,0,0,3,4
2000,49,0,0,0,3,3
2001,58,0,0,0,14,6
2002,60,1,1,0,3,1
2003,54,0,0,0,8,5
2004,60,0,0,0,8,7
2005,62,0,0,0,9,2
2006,48,0,0,0,2,12
2007,48,0,0,0,4,6
2008,58,0,0,0,2,9
2009,51,1,0,0,5,8
2010,55,0,0,0,4,3
2011,44,0,0,0,8,11
2012,54,0,0,0,5,12
2013,27,0,0,0,7,5
2014,55,0,0,0,6,4
2015,43,0,0,0,3,6
2016,47,0,0,0,8,3
2017,44,0,0,0,4,6
2018,47,0,0,0,1,6
2019,34,1,1,0,7,3
2020,37,0,0,0,5,6
2021,27,0,0,0,5,7
2022,37,0,0,0,12,6
2023,38,0,0,0,7,1
2024,25,0,0,0,7,6
2025,30,0,0,0,6,4
2026,35,0,0,0,6,3
2027,32,0,0,0,2,8
2028,36,0,0,0,5,4
2029,29,0,0,0,4,6
2030,22,0,0,0,4,4
2031,25,1,0,1,7,5
2032,27,0,0,0,3,6
2033,18,0,0,0,7,5
2034,20,0,0,0,3,9
2035,32,1,0,0,4,9
2036,20,1,0,0,6,1
2037,23,0,0,0,1,4
2038,16,0,1,0,8,3
2039,23,0,0,0,3,4
2040,29,0,0,0,8,3
2041,19,0,0,0,9,4
2042,26,0,1,0,8,8
2043,14,0,0,0,6,9
2044,18,1,0,1,7,6
2045,22,0,0,0,3,4
2046,21,0,0,0,13,8
2047,91,7,5,8,555,577
