E_1 / keV,Cs137,Background
0,0,0
2.9,2,0
5.7,5,0
8.6,15,0
11.5,13,0
14.3,31,0
17.2,30,0
20.1,26,0
23,41,0
25.8,44,0
28.7,33,0
31.6,50,1
34.4,33,1
37.3,36,4
40.2,42,1
43,48,1
45.9,41,1
48.8,38,0
51.7,48,2
54.5,58,1
57.4,51,1
60.3,58,0
63.1,50,0
66,51,0
68.9,63,2
71.7,71,0
74.6,48,1
77.5,57,0
80.3,68,0
83.2,70,0
86.1,64,0
89,96,0
91.8,63,1
94.7,70,0
97.6,66,0
100.4,82,1
103.3,89,1
106.2,89,1
109,91,1
111.9,93,2
114.8,85,2
117.7,73,3
120.5,90,3
123.4,75,2
126.3,76,3
129.1,75,0
132,70,0
134.9,80,0
137.7,84,2
140.6,67,1
143.5,78,0
146.3,83,2
149.2,68,0
152.1,66,3
155,65,0
157.8,79,3
160.7,74,4
163.6,71,1
166.4,93,1
169.3,66,2
172.2,78,1
175,57,1
177.9,62,1
180.8,69,0
183.6,63,0
186.5,58,0
189.4,75,0
192.3,67,0
195.1,84,1
198,74,2
200.9,74,1
203.7,73,0
206.6,74,1
209.5,63,0
212.3,74,3
215.2,71,1
218.1,68,1
221,87,2
223.8,67,5
226.7,86,4
229.6,68,0
232.4,84,1
235.3,82,1
238.2,72,9
241,75,1
243.9,59,2
246.8,84,7
249.6,85,2
252.5,87,4
255.4,76,4
258.3,77,1
261.1,76,3
264,85,4
266.9,84,4
269.7,85,1
272.6,79,3
275.5,83,3
278.3,113,6
281.2,69,6
284.1,100,13
287,80,4
289.8,92,12
292.7,77,6
295.6,92,2
298.4,79,10
301.3,71,4
304.2,73,3
307,86,4
309.9,81,1
312.8,73,12
315.6,86,3
318.5,78,3
321.4,97,2
324.3,77,4
327.1,74,5
330,77,5
332.9,80,1
335.7,88,5
338.6,82,3
341.5,72,3
344.3,68,5
347.2,77,4
350.1,65,5
353,86,1
355.8,79,4
358.7,81,2
361.6,76,1
364.4,71,8
367.3,75,7
370.2,76,4
373,93,4
375.9,76,4
378.8,82,2
381.6,82,1
384.5,75,5
387.4,75,4
390.3,83,2
393.1,69,3
396,82,5
398.9,84,6
401.7,75,1
404.6,93,8
407.5,85,1
410.3,79,4
413.2,74,1
416.1,82,3
419,72,5
421.8,80,4
424.7,89,4
427.6,87,4
430.4,99,0
433.3,83,5
436.2,78,3
439,93,5
441.9,77,3
444.8,71,3
447.6,89,5
450.5,97,6
453.4,86,4
456.3,90,5
459.1,91,3
462,91,9
464.9,102,3
467.7,98,5
470.6,98,5
473.5,112,4
476.3,109,3
479.2,87,5
482.1,84,4
485,102,6
487.8,132,5
490.7,95,5
493.6,102,3
496.4,95,2
499.3,119,2
502.2,105,3
505,112,2
507.9,108,4
510.8,117,4
513.6,109,1
516.5,98,5
519.4,119,4
522.3,101,3
525.1,111,5
528,114,2
530.9,137,6
533.7,104,0
536.6,109,3
539.5,132,1
542.3,137,3
545.2,132,4
548.1,104,5
550.9,148,4
553.8,113,1
556.7,124,2
559.6,122,2
562.4,110,4
565.3,136,0
568.2,130,6
571,134,3
573.9,122,1
576.8,140,3
579.6,133,1
582.5,147,5
585.4,138,3
588.3,140,4
591.1,143,2
594,118,1
596.9,110,3
599.7,144,3
602.6,145,2
605.5,161,2
608.3,158,1
611.2,153,0
614.1,155,3
616.9,138,0
619.8,161,3
622.7,166,4
625.6,162,1
628.4,160,2
631.3,150,2
634.2,152,1
637,138,2
639.9,156,2
642.8,169,1
645.6,150,1
648.5,179,3
651.4,169,2
654.3,169,3
657.1,147,3
660,187,5
662.9,165,1
665.7,148,4
668.6,169,4
671.5,139,2
674.3,153,3
677.2,138,1
680.1,155,1
682.9,159,3
685.8,134,1
688.7,151,8
691.6,149,1
694.4,145,2
697.3,144,4
700.2,155,5
703,159,1
705.9,182,0
708.8,169,2
711.6,149,2
714.5,145,1
717.4,169,2
720.3,136,3
723.1,146,4
726,139,2
728.9,161,2
731.7,141,0
734.6,149,0
737.5,168,0
740.3,169,2
743.2,147,2
746.1,163,2
748.9,144,4
751.8,165,2
754.7,182,1
757.6,145,1
760.4,126,3
763.3,156,1
766.2,173,3
769,129,1
771.9,150,0
774.8,168,3
777.6,148,3
780.5,134,0
783.4,138,2
786.3,148,1
789.1,165,1
792,143,2
794.9,143,1
797.7,166,4
800.6,178,2
803.5,159,0
806.3,156,0
809.2,149,1
812.1,166,3
814.9,150,1
817.8,138,0
820.7,155,2
823.6,143,1
826.4,152,1
829.3,154,1
832.2,151,2
835,160,0
837.9,154,2
840.8,161,1
843.6,158,0
846.5,131,1
849.4,141,1
852.2,137,1
855.1,125,0
858,159,2
860.9,168,1
863.7,156,2
866.6,147,6
869.5,145,4
872.3,142,0
875.2,151,2
878.1,160,1
880.9,151,0
883.8,156,1
886.7,145,1
889.6,134,1
892.4,152,1
895.3,154,2
898.2,146,0
901,170,1
903.9,155,2
906.8,172,1
909.6,165,3
912.5,142,0
915.4,133,1
918.2,176,1
921.1,157,0
924,136,4
926.9,165,0
929.7,153,1
932.6,177,0
935.5,155,0
938.3,181,1
941.2,160,3
944.1,151,0
946.9,156,2
949.8,157,3
952.7,159,4
955.6,156,0
958.4,151,1
961.3,159,0
964.2,132,1
967,152,2
969.9,162,0
972.8,166,1
975.6,160,2
978.5,176,1
981.4,162,1
984.2,148,2
987.1,170,0
990,173,1
992.9,158,3
995.7,167,0
998.6,159,1
1001.5,153,1
1004.3,159,0
1007.2,162,0
1010.1,172,0
1012.9,165,2
1015.8,155,1
1018.7,187,0
1021.6,182,1
1024.4,172,2
1027.3,181,1
1030.2,157,0
1033,163,1
1035.9,160,2
1038.8,169,2
1041.6,160,1
1044.5,165,3
1047.4,163,3
1050.2,182,0
1053.1,155,1
1056,171,1
1058.9,161,0
1061.7,166,0
1064.6,164,2
1067.5,176,0
1070.3,190,0
1073.2,160,1
1076.1,178,1
1078.9,192,0
1081.8,165,1
1084.7,195,1
1087.6,161,2
1090.4,198,2
1093.3,154,2
1096.2,186,0
1099,183,2
1101.9,189,1
1104.8,180,1
1107.6,206,0
1110.5,170,1
1113.4,181,0
1116.2,179,0
1119.1,186,0
1122,188,0
1124.9,193,1
1127.7,176,0
1130.6,193,3
1133.5,216,1
1136.3,171,2
1139.2,177,0
1142.1,190,1
1144.9,194,2
1147.8,179,0
1150.7,183,0
1153.6,179,0
1156.4,204,0
1159.3,214,0
1162.2,157,2
1165,201,0
1167.9,189,0
1170.8,172,2
1173.6,190,0
1176.5,182,0
1179.4,191,1
1182.2,187,0
1185.1,202,0
1188,200,0
1190.9,195,1
1193.7,207,1
1196.6,188,0
1199.5,171,1
1202.3,191,0
1205.2,192,1
1208.1,194,0
1210.9,198,0
1213.8,204,0
1216.7,189,2
1219.5,178,1
1222.4,182,2
1225.3,183,1
1228.2,215,1
1231,176,0
1233.9,184,0
1236.8,188,0
1239.6,196,0
1242.5,214,0
1245.4,190,2
1248.2,204,0
1251.1,193,1
1254,177,1
1256.9,169,2
1259.7,204,2
1262.6,188,2
1265.5,177,0
1268.3,173,1
1271.2,197,0
1274.1,186,1
1276.9,193,0
1279.8,193,2
1282.7,182,1
1285.5,192,0
1288.4,208,1
1291.3,183,0
1294.2,193,0
1297,199,3
1299.9,194,3
1302.8,181,1
1305.6,217,0
1308.5,216,0
1311.4,192,0
1314.2,208,1
1317.1,173,2
1320,218,2
1322.9,192,0
1325.7,177,1
1328.6,173,1
1331.5,189,0
1334.3,193,0
1337.2,212,1
1340.1,177,1
1342.9,181,0
1345.8,207,3
1348.7,221,0
1351.5,175,0
1354.4,186,4
1357.3,188,0
1360.2,189,0
1363,179,1
1365.9,196,0
1368.8,199,1
1371.6,182,1
1374.5,195,0
1377.4,198,0
1380.2,179,0
1383.1,184,2
1386,210,0
1388.9,170,0
1391.7,173,0
1394.6,192,0
1397.5,186,0
1400.3,199,0
1403.2,185,2
1406.1,184,1
1408.9,160,0
1411.8,180,0
1414.7,196,1
1417.5,156,1
1420.4,172,1
1423.3,156,0
1426.2,183,0
1429,167,0
1431.9,176,0
1434.8,184,1
1437.6,175,0
1440.5,170,0
1443.4,177,0
1446.2,178,2
1449.1,153,0
1452,155,0
1454.9,159,1
1457.7,164,0
1460.6,172,1
1463.5,168,1
1466.3,175,1
1469.2,169,0
1472.1,158,0
1474.9,175,0
1477.8,168,0
1480.7,163,0
1483.5,155,1
1486.4,127,1
1489.3,155,0
1492.2,160,1
1495,164,2
1497.9,193,1
1500.8,168,0
1503.6,162,0
1506.5,179,1
1509.4,155,2
1512.2,155,0
1515.1,159,0
1518,177,0
1520.8,162,3
1523.7,144,1
1526.6,156,0
1529.5,167,2
1532.3,181,0
1535.2,163,0
1538.1,160,0
1540.9,171,0
1543.8,169,0
1546.7,194,0
1549.5,162,1
1552.4,184,1
1555.3,161,1
1558.2,186,1
1561,169,0
1563.9,175,0
1566.8,189,0
1569.6,179,1
1572.5,173,1
1575.4,198,2
1578.2,190,0
1581.1,192,0
1584,173,0
1586.8,194,0
1589.7,163,0
1592.6,184,2
1595.5,206,1
1598.3,187,1
1601.2,201,0
1604.1,187,0
1606.9,208,0
1609.8,215,0
1612.7,174,0
1615.5,195,0
1618.4,206,0
1621.3,209,1
1624.2,216,0
1627,214,1
1629.9,210,1
1632.8,231,0
1635.6,211,1
1638.5,190,0
1641.4,234,1
1644.2,229,1
1647.1,215,0
1650,255,0
1652.8,278,0
1655.7,252,0
1658.6,236,3
1661.5,271,1
1664.3,249,1
1667.2,244,0
1670.1,288,1
1672.9,267,0
1675.8,274,0
1678.7,267,0
1681.5,274,1
1684.4,266,0
1687.3,287,0
1690.2,287,0
1693,310,0
1695.9,290,0
1698.8,313,1
1701.6,321,1
1704.5,306,0
1707.4,338,0
1710.2,318,0
1713.1,312,0
1716,380,0
1718.8,354,1
1721.7,379,1
1724.6,379,1
1727.5,344,0
1730.3,355,1
1733.2,371,1
1736.1,345,1
1738.9,385,0
1741.8,394,0
1744.7,380,1
1747.5,442,2
1750.4,437,0
1753.3,406,0
1756.2,486,1
1759,483,0
1761.9,456,1
1764.8,480,1
1767.6,485,0
1770.5,476,0
1773.4,456,1
1776.2,496,2
1779.1,495,1
1782,486,0
1784.8,532,0
1787.7,542,0
1790.6,553,0
1793.5,532,3
1796.3,557,1
1799.2,564,1
1802.1,559,2
1804.9,600,0
1807.8,631,0
1810.7,593,0
1813.5,592,2
1816.4,624,0
1819.3,659,0
1822.1,676,0
1825,659,1
1827.9,675,1
1830.8,691,0
1833.6,738,0
1836.5,724,0
1839.4,782,0
1842.2,757,0
1845.1,780,0
1848,780,0
1850.8,800,0
1853.7,810,2
1856.6,807,0
1859.5,818,0
1862.3,801,1
1865.2,796,0
1868.1,845,1
1870.9,834,0
1873.8,889,0
1876.7,833,0
1879.5,839,0
1882.4,899,0
1885.3,918,0
1888.1,913,0
1891,961,1
1893.9,971,0
1896.8,920,0
1899.6,958,0
1902.5,956,0
1905.4,919,2
1908.2,963,0
1911.1,1009,0
1914,993,3
1916.8,965,0
1919.7,1050,0
1922.6,1027,1
1925.5,1044,0
1928.3,1124,0
1931.2,1012,2
1934.1,1010,0
1936.9,1103,1
1939.8,1074,0
1942.7,1079,0
1945.5,1170,0
1948.4,1173,2
1951.3,1126,0
1954.1,1077,1
1957,1122,1
1959.9,1174,1
1962.8,1193,0
1965.6,1220,0
1968.5,1208,0
1971.4,1132,0
1974.2,1212,0
1977.1,1179,1
1980,1132,0
1982.8,1157,0
1985.7,1199,0
1988.6,1148,0
1991.5,1198,0
1994.3,1230,0
1997.2,1216,0
2000.1,1214,0
2002.9,1261,0
2005.8,1203,0
2008.7,1185,0
2011.5,1100,0
2014.4,1192,1
2017.3,1216,0
2020.1,1210,1
2023,1230,0
2025.9,1129,0
2028.8,1181,1
2031.6,1127,1
2034.5,1237,0
2037.4,1233,0
2040.2,1182,0
2043.1,1135,1
2046,1190,0
2048.8,1080,1
2051.7,1130,0
2054.6,1061,1
2057.5,1125,1
2060.3,1024,0
2063.2,1092,1
2066.1,1030,0
2068.9,1093,0
2071.8,1037,0
2074.7,1044,0
2077.5,965,1
2080.4,1090,0
2083.3,966,1
2086.1,1045,0
2089,965,0
2091.9,977,1
2094.8,986,0
2097.6,965,0
2100.5,1002,0
2103.4,884,1
2106.2,956,0
2109.1,893,1
2112,902,0
2114.8,891,0
2117.7,892,0
2120.6,916,0
2123.5,859,0
2126.3,821,0
2129.2,836,1
2132.1,834,0
2134.9,846,0
2137.8,786,2
2140.7,771,0
2143.5,745,0
2146.4,710,1
2149.3,711,0
2152.1,729,0
2155,654,0
2157.9,701,0
2160.8,652,0
2163.6,698,0
2166.5,629,1
2169.4,634,0
2172.2,622,0
2175.1,640,0
2178,602,0
2180.8,590,0
2183.7,603,1
2186.6,570,0
2189.4,553,0
2192.3,619,0
2195.2,558,0
2198.1,535,1
2200.9,496,0
2203.8,499,1
2206.7,473,0
2209.5,517,0
2212.4,480,0
2215.3,520,0
2218.1,439,0
2221,489,0
2223.9,519,0
2226.8,469,1
2229.6,526,0
2232.5,446,0
2235.4,496,0
2238.2,446,0
2241.1,408,1
2244,431,0
2246.8,463,0
2249.7,419,1
2252.6,437,0
2255.4,444,0
2258.3,417,0
2261.2,441,0
2264.1,417,1
2266.9,415,0
2269.8,403,0
2272.7,390,1
2275.5,391,0
2278.4,401,0
2281.3,402,0
2284.1,351,0
2287,398,3
2289.9,341,0
2292.8,403,0
2295.6,377,1
2298.5,403,0
2301.4,382,0
2304.2,385,0
2307.1,396,0
2310,354,0
2312.8,359,0
2315.7,415,0
2318.6,387,0
2321.4,374,0
2324.3,328,1
2327.2,342,1
2330.1,375,0
2332.9,335,0
2335.8,378,0
2338.7,374,0
2341.5,365,0
2344.4,346,0
2347.3,329,0
2350.1,345,0
2353,358,0
2355.9,391,0
2358.8,358,0
2361.6,369,1
2364.5,348,0
2367.4,340,1
2370.2,335,0
2373.1,352,1
2376,364,0
2378.8,367,0
2381.7,329,0
2384.6,356,0
2387.4,352,0
2390.3,424,0
2393.2,358,1
2396.1,361,0
2398.9,350,0
2401.8,354,0
2404.7,368,1
2407.5,332,1
2410.4,319,1
2413.3,345,0
2416.1,372,1
2419,343,0
2421.9,326,1
2424.8,360,0
2427.6,348,1
2430.5,320,0
2433.4,349,1
2436.2,352,0
2439.1,317,0
2442,338,0
2444.8,347,1
2447.7,317,0
2450.6,316,0
2453.4,353,0
2456.3,347,2
2459.2,330,0
2462.1,325,1
2464.9,334,0
2467.8,338,1
2470.7,367,0
2473.5,338,0
2476.4,356,0
2479.3,340,0
2482.1,344,0
2485,340,0
2487.9,356,0
2490.7,349,0
2493.6,357,2
2496.5,351,0
2499.4,378,1
2502.2,339,0
2505.1,352,0
2508,336,0
2510.8,377,2
2513.7,364,1
2516.6,326,0
2519.4,340,1
2522.3,341,1
2525.2,332,1
2528.1,352,0
2530.9,371,0
2533.8,348,0
2536.7,339,0
2539.5,369,0
2542.4,312,0
2545.3,359,0
2548.1,364,0
2551,342,0
2553.9,366,0
2556.7,366,0
2559.6,353,0
2562.5,354,0
2565.4,356,0
2568.2,325,0
2571.1,319,0
2574,353,0
2576.8,351,0
2579.7,361,0
2582.6,365,0
2585.4,339,1
2588.3,351,1
2591.2,372,0
2594.1,318,0
2596.9,351,0
2599.8,329,0
2602.7,333,0
2605.5,366,0
2608.4,351,0
2611.3,311,0
2614.1,337,0
2617,337,1
2619.9,354,0
2622.7,343,0
2625.6,362,0
2628.5,352,0
2631.4,366,0
2634.2,335,1
2637.1,342,0
2640,391,0
2642.8,330,0
2645.7,336,1
2648.6,323,0
2651.4,366,0
2654.3,322,1
2657.2,307,0
2660.1,340,1
2662.9,323,0
2665.8,317,2
2668.7,293,0
2671.5,312,0
2674.4,329,0
2677.3,351,1
2680.1,348,1
2683,377,0
2685.9,369,0
2688.7,341,2
2691.6,329,0
2694.5,387,1
2697.4,356,0
2700.2,319,0
2703.1,349,0
2706,325,0
2708.8,332,0
2711.7,324,0
2714.6,315,0
2717.4,329,0
2720.3,346,0
2723.2,348,0
2726.1,351,1
2728.9,329,1
2731.8,300,0
2734.7,304,0
2737.5,345,0
2740.4,348,0
2743.3,348,0
2746.1,327,0
2749,316,0
2751.9,315,1
2754.7,293,0
2757.6,322,1
2760.5,308,0
2763.4,329,1
2766.2,347,0
2769.1,313,1
2772,315,0
2774.8,318,0
2777.7,356,0
2780.6,346,0
2783.4,309,0
2786.3,314,0
2789.2,313,1
2792.1,302,1
2794.9,318,1
2797.8,314,0
2800.7,317,1
2803.5,310,0
2806.4,299,1
2809.3,341,0
2812.1,288,1
2815,329,0
2817.9,316,1
2820.7,288,0
2823.6,332,0
2826.5,295,0
2829.4,309,0
2832.2,318,0
2835.1,301,0
2838,343,0
2840.8,346,0
2843.7,300,0
2846.6,305,0
2849.4,293,0
2852.3,329,0
2855.2,335,0
2858,343,1
2860.9,368,0
2863.8,325,0
2866.7,345,2
2869.5,329,0
2872.4,311,0
2875.3,323,0
2878.1,332,0
2881,309,0
2883.9,311,1
2886.7,309,0
2889.6,298,1
2892.5,296,1
2895.4,301,0
2898.2,305,0
2901.1,300,0
2904,314,1
2906.8,311,1
2909.7,312,1
2912.6,313,1
2915.4,307,0
2918.3,309,0
2921.2,298,0
2924,320,0
2926.9,290,0
2929.8,311,0
2932.7,299,0
2935.5,320,1
2938.4,281,0
2941.3,281,2
2944.1,272,2
2947,283,0
2949.9,260,1
2952.7,281,0
2955.6,273,0
2958.5,283,0
2961.4,283,0
2964.2,276,0
2967.1,305,2
2970,271,0
2972.8,323,0
2975.7,304,0
2978.6,302,0
2981.4,281,0
2984.3,323,1
2987.2,263,0
2990,288,0
2992.9,315,0
2995.8,300,0
2998.7,319,0
3001.5,303,0
3004.4,256,1
3007.3,281,0
3010.1,291,0
3013,298,0
3015.9,310,0
3018.7,292,0
3021.6,296,0
3024.5,300,0
3027.4,296,0
3030.2,270,0
3033.1,292,1
3036,306,0
3038.8,355,0
3041.7,285,0
3044.6,281,1
3047.4,307,2
3050.3,263,1
3053.2,293,0
3056,262,0
3058.9,280,0
3061.8,293,2
3064.7,285,0
3067.5,292,0
3070.4,287,0
3073.3,290,0
3076.1,288,0
3079,281,0
3081.9,298,0
3084.7,295,0
3087.6,281,0
3090.5,268,0
3093.4,315,0
3096.2,285,1
3099.1,266,0
3102,263,1
3104.8,277,0
3107.7,234,0
3110.6,262,0
3113.4,296,0
3116.3,251,1
3119.2,269,0
3122,271,0
3124.9,264,0
3127.8,268,0
3130.7,272,0
3133.5,279,1
3136.4,297,1
3139.3,270,0
3142.1,250,0
3145,307,0
3147.9,260,0
3150.7,288,0
3153.6,284,0
3156.5,266,0
3159.3,276,0
3162.2,298,0
3165.1,280,0
3168,290,1
3170.8,258,0
3173.7,273,0
3176.6,273,0
3179.4,266,0
3182.3,294,1
3185.2,239,1
3188,231,0
3190.9,268,0
3193.8,257,0
3196.7,259,0
3199.5,271,0
3202.4,249,0
3205.3,253,0
3208.1,234,0
3211,282,0
3213.9,255,0
3216.7,252,0
3219.6,240,0
3222.5,231,0
3225.3,266,0
3228.2,270,0
3231.1,243,0
3234,243,0
3236.8,259,1
3239.7,250,0
3242.6,264,1
3245.4,261,0
3248.3,265,2
3251.2,237,0
3254,244,0
3256.9,237,0
3259.8,225,1
3262.7,261,1
3265.5,243,0
3268.4,266,0
3271.3,250,0
3274.1,245,0
3277,264,0
3279.9,256,0
3282.7,243,1
3285.6,229,0
3288.5,248,0
3291.3,266,0
3294.2,244,1
3297.1,258,0
3300,222,0
3302.8,265,0
3305.7,242,2
3308.6,248,0
3311.4,235,1
3314.3,236,1
3317.2,225,0
3320,285,0
3322.9,256,0
3325.8,237,0
3328.7,223,0
3331.5,250,0
3334.4,241,0
3337.3,211,0
3340.1,261,1
3343,214,0
3345.9,217,0
3348.7,266,0
3351.6,252,0
3354.5,279,1
3357.3,233,0
3360.2,223,0
3363.1,229,0
3366,244,0
3368.8,225,1
3371.7,257,0
3374.6,227,0
3377.4,214,0
3380.3,228,0
3383.2,202,0
3386,223,1
3388.9,222,0
3391.8,243,0
3394.7,215,0
3397.5,234,0
3400.4,218,0
3403.3,215,0
3406.1,233,0
3409,209,0
3411.9,230,0
3414.7,221,0
3417.6,225,0
3420.5,259,0
3423.3,226,0
3426.2,232,0
3429.1,227,0
3432,247,0
3434.8,219,1
3437.7,236,0
3440.6,240,0
3443.4,227,0
3446.3,225,0
3449.2,214,0
3452,233,0
3454.9,222,0
3457.8,230,0
3460.7,196,0
3463.5,232,0
3466.4,221,0
3469.3,218,0
3472.1,228,1
3475,251,0
3477.9,206,0
3480.7,195,0
3483.6,219,1
3486.5,230,0
3489.3,223,0
3492.2,200,0
3495.1,227,0
3498,210,0
3500.8,196,0
3503.7,200,0
3506.6,206,0
3509.4,219,0
3512.3,224,1
3515.2,211,0
3518,237,0
3520.9,197,0
3523.8,211,0
3526.6,222,1
3529.5,224,0
3532.4,226,0
3535.3,200,0
3538.1,229,0
3541,201,0
3543.9,215,0
3546.7,186,0
3549.6,208,0
3552.5,174,0
3555.3,205,0
3558.2,178,0
3561.1,217,0
3564,220,0
3566.8,224,0
3569.7,234,0
3572.6,215,0
3575.4,209,0
3578.3,235,0
3581.2,188,0
3584,210,0
3586.9,222,0
3589.8,219,0
3592.6,212,0
3595.5,194,0
3598.4,205,0
3601.3,221,0
3604.1,241,0
3607,196,0
3609.9,200,0
3612.7,195,0
3615.6,212,0
3618.5,210,0
3621.3,211,0
3624.2,212,0
3627.1,198,0
3630,236,0
3632.8,201,0
3635.7,241,0
3638.6,216,0
3641.4,190,0
3644.3,209,0
3647.2,211,1
3650,223,0
3652.9,221,0
3655.8,187,0
3658.6,236,0
3661.5,213,0
3664.4,181,0
3667.3,207,0
3670.1,199,0
3673,196,0
3675.9,201,0
3678.7,200,0
3681.6,185,0
3684.5,205,0
3687.3,225,0
3690.2,216,0
3693.1,177,0
3696,205,0
3698.8,198,0
3701.7,213,0
3704.6,221,0
3707.4,212,0
3710.3,217,0
3713.2,210,0
3716,211,0
3718.9,214,0
3721.8,203,0
3724.6,238,0
3727.5,205,0
3730.4,204,0
3733.3,194,0
3736.1,210,0
3739,192,0
3741.9,195,0
3744.7,216,0
3747.6,227,0
3750.5,201,0
3753.3,215,0
3756.2,202,0
3759.1,185,0
3762,210,0
3764.8,213,1
3767.7,224,0
3770.6,213,0
3773.4,190,0
3776.3,209,0
3779.2,210,0
3782,197,0
3784.9,199,0
3787.8,204,0
3790.6,215,0
3793.5,165,0
3796.4,205,0
3799.3,209,0
3802.1,211,0
3805,221,0
3807.9,166,0
3810.7,213,0
3813.6,199,0
3816.5,208,0
3819.3,186,0
3822.2,193,0
3825.1,213,0
3827.9,231,1
3830.8,207,0
3833.7,211,0
3836.6,193,0
3839.4,204,0
3842.3,197,0
3845.2,175,0
3848,192,0
3850.9,210,0
3853.8,192,0
3856.6,202,2
3859.5,183,0
3862.4,191,0
3865.3,189,0
3868.1,188,0
3871,213,0
3873.9,179,0
3876.7,199,0
3879.6,195,0
3882.5,201,0
3885.3,214,0
3888.2,200,0
3891.1,190,0
3893.9,187,1
3896.8,173,0
3899.7,190,0
3902.6,190,0
3905.4,176,0
3908.3,189,0
3911.2,207,0
3914,202,0
3916.9,160,0
3919.8,185,0
3922.6,180,0
3925.5,205,0
3928.4,189,2
3931.3,168,0
3934.1,181,0
3937,145,0
3939.9,189,0
3942.7,163,0
3945.6,176,0
3948.5,152,0
3951.3,167,0
3954.2,187,0
3957.1,188,0
3959.9,162,0
3962.8,186,0
3965.7,175,1
3968.6,184,0
3971.4,172,0
3974.3,170,0
3977.2,177,0
3980,161,0
3982.9,157,0
3985.8,183,0
3988.6,180,0
3991.5,158,0
3994.4,146,0
3997.3,163,0
4000.1,197,0
4003,139,0
4005.9,151,0
4008.7,151,0
4011.6,151,0
4014.5,144,1
4017.3,164,0
4020.2,146,0
4023.1,137,0
4025.9,155,0
4028.8,157,0
4031.7,127,0
4034.6,140,0
4037.4,134,0
4040.3,148,0
4043.2,159,0
4046,149,0
4048.9,139,0
4051.8,158,0
4054.6,155,0
4057.5,138,0
4060.4,164,0
4063.3,151,0
4066.1,149,0
4069,140,0
4071.9,134,1
4074.7,122,1
4077.6,125,0
4080.5,123,0
4083.3,125,0
4086.2,116,1
4089.1,115,1
4091.9,125,1
4094.8,126,0
4097.7,120,0
4100.6,124,0
4103.4,141,0
4106.3,126,1
4109.2,118,0
4112,119,0
4114.9,109,1
4117.8,99,0
4120.6,94,0
4123.5,94,0
4126.4,106,0
4129.3,82,0
4132.1,104,1
4135,117,0
4137.9,98,0
4140.7,117,0
4143.6,130,0
4146.5,112,1
4149.3,108,0
4152.2,104,0
4155.1,126,0
4157.9,112,0
4160.8,77,0
4163.7,101,0
4166.6,90,0
4169.4,94,0
4172.3,93,0
4175.2,111,0
4178,97,0
4180.9,87,1
4183.8,93,0
4186.6,93,0
4189.5,98,0
4192.4,98,0
4195.2,96,0
4198.1,82,0
4201,112,1
4203.9,72,0
4206.7,89,0
4209.6,78,0
4212.5,105,1
4215.3,86,0
4218.2,89,1
4221.1,76,0
4223.9,74,1
4226.8,99,1
4229.7,70,1
4232.6,81,0
4235.4,76,1
4238.3,76,0
4241.2,74,1
4244,76,1
4246.9,63,0
4249.8,95,0
4252.6,69,0
4255.5,75,0
4258.4,68,0
4261.2,60,0
4264.1,74,0
4267,70,0
4269.9,76,0
4272.7,69,0
4275.6,67,0
4278.5,65,0
4281.3,72,0
4284.2,64,2
4287.1,78,0
4289.9,57,0
4292.8,62,0
4295.7,76,0
4298.6,61,0
4301.4,63,1
4304.3,61,1
4307.2,64,0
4310,59,0
4312.9,51,0
4315.8,55,0
4318.6,65,0
4321.5,62,0
4324.4,68,1
4327.2,58,0
4330.1,62,0
4333,53,0
4335.9,64,1
4338.7,54,0
4341.6,41,0
4344.5,57,0
4347.3,48,0
4350.2,60,0
4353.1,49,0
4355.9,55,0
4358.8,62,0
4361.7,60,1
4364.6,44,0
4367.4,63,0
4370.3,64,0
4373.2,56,0
4376,58,0
4378.9,46,1
4381.8,55,0
4384.6,47,0
4387.5,41,0
4390.4,46,0
4393.2,59,0
4396.1,57,0
4399,49,0
4401.9,56,0
4404.7,62,0
4407.6,33,0
4410.5,44,0
4413.3,43,0
4416.2,52,0
4419.1,61,0
4421.9,49,0
4424.8,47,0
4427.7,48,0
4430.6,41,0
4433.4,52,0
4436.3,50,0
4439.2,42,0
4442,43,0
4444.9,53,0
4447.8,42,0
4450.6,49,0
4453.5,42,0
4456.4,47,0
4459.2,31,0
4462.1,57,0
4465,51,0
4467.9,35,0
4470.7,42,0
4473.6,43,0
4476.5,45,0
4479.3,36,1
4482.2,36,0
4485.1,42,0
4487.9,44,0
4490.8,31,0
4493.7,50,0
4496.5,46,0
4499.4,46,0
4502.3,44,0
4505.2,42,0
4508,39,0
4510.9,58,0
4513.8,41,0
4516.6,44,0
4519.5,45,0
4522.4,29,0
4525.2,43,0
4528.1,36,0
4531,49,0
4533.9,38,0
4536.7,34,0
4539.6,61,0
4542.5,37,0
4545.3,38,0
4548.2,46,0
4551.1,41,0
4553.9,37,0
4556.8,38,0
4559.7,35,0
4562.5,33,0
4565.4,31,0
4568.3,39,0
4571.2,31,0
4574,39,0
4576.9,41,0
4579.8,42,0
4582.6,37,0
4585.5,39,0
4588.4,44,0
4591.2,40,0
4594.1,37,0
4597,38,0
4599.9,34,0
4602.7,32,0
4605.6,53,0
4608.5,34,0
4611.3,33,0
4614.2,36,0
4617.1,39,0
4619.9,36,0
4622.8,38,0
4625.7,40,0
4628.5,33,0
4631.4,29,0
4634.3,44,0
4637.2,41,0
4640,35,0
4642.9,42,0
4645.8,38,0
4648.6,25,0
4651.5,40,0
4654.4,35,0
4657.2,43,0
4660.1,40,0
4663,25,0
4665.9,39,0
4668.7,37,0
4671.6,29,0
4674.5,30,0
4677.3,39,0
4680.2,32,0
4683.1,39,0
4685.9,28,0
4688.8,26,0
4691.7,30,0
4694.5,40,0
4697.4,34,0
4700.3,27,0
4703.2,37,0
4706,37,0
4708.9,26,0
4711.8,27,0
4714.6,30,0
4717.5,41,0
4720.4,29,0
4723.2,26,0
4726.1,37,0
4729,12,0
4731.9,32,0
4734.7,26,1
4737.6,24,0
4740.5,32,0
4743.3,36,0
4746.2,22,0
4749.1,29,0
4751.9,24,0
4754.8,30,0
4757.7,29,0
4760.5,31,0
4763.4,38,0
4766.3,29,0
4769.2,32,0
4772,28,0
4774.9,26,0
4777.8,34,0
4780.6,27,0
4783.5,28,0
4786.4,27,0
4789.2,27,0
4792.1,22,0
4795,27,0
4797.9,23,0
4800.7,23,0
4803.6,24,0
4806.5,28,0
4809.3,30,0
4812.2,24,0
4815.1,28,0
4817.9,30,1
4820.8,18,0
4823.7,23,0
4826.5,18,0
4829.4,29,0
4832.3,22,0
4835.2,35,0
4838,17,0
4840.9,27,0
4843.8,23,0
4846.6,25,0
4849.5,24,0
4852.4,14,0
4855.2,23,0
4858.1,23,0
4861,22,0
4863.8,21,0
4866.7,36,0
4869.6,28,0
4872.5,23,0
4875.3,27,0
4878.2,23,0
4881.1,27,0
4883.9,21,0
4886.8,22,0
4889.7,23,0
4892.5,18,0
4895.4,20,0
4898.3,22,1
4901.2,28,1
4904,17,0
4906.9,28,0
4909.8,29,0
4912.6,20,0
4915.5,19,0
4918.4,31,0
4921.2,20,0
4924.1,28,0
4927,22,0
4929.8,21,0
4932.7,22,0
4935.6,20,0
4938.5,19,0
4941.3,14,0
4944.2,19,0
4947.1,26,0
4949.9,16,0
4952.8,18,0
4955.7,20,0
4958.5,23,0
4961.4,21,0
4964.3,18,0
4967.2,29,0
4970,25,0
4972.9,18,0
4975.8,15,0
4978.6,18,0
4981.5,14,0
4984.4,12,0
4987.2,14,0
4990.1,20,0
4993,20,0
4995.8,15,0
4998.7,19,0
5001.6,15,1
5004.5,16,0
5007.3,21,0
5010.2,20,0
5013.1,17,0
5015.9,16,0
5018.8,18,0
5021.7,24,0
5024.5,14,0
5027.4,15,0
5030.3,16,1
5033.2,19,0
5036,19,0
5038.9,17,0
5041.8,23,0
5044.6,17,0
5047.5,16,0
5050.4,26,0
5053.2,17,0
5056.1,15,0
5059,17,0
5061.8,25,0
5064.7,18,0
5067.6,14,0
5070.5,17,0
5073.3,20,0
5076.2,21,0
5079.1,20,0
5081.9,17,0
5084.8,16,0
5087.7,15,0
5090.5,16,0
5093.4,16,0
5096.3,19,0
5099.2,9,0
5102,19,0
5104.9,19,0
5107.8,22,0
5110.6,17,0
5113.5,21,0
5116.4,20,0
5119.2,16,0
5122.1,11,0
5125,11,0
5127.8,11,0
5130.7,15,0
5133.6,15,0
5136.5,20,0
5139.3,12,0
5142.2,15,0
5145.1,11,0
5147.9,15,0
5150.8,19,0
5153.7,17,0
5156.5,8,0
5159.4,11,0
5162.3,19,0
5165.1,16,0
5168,11,0
5170.9,22,0
5173.8,19,1
5176.6,17,0
5179.5,9,0
5182.4,20,0
5185.2,10,0
5188.1,15,0
5191,25,0
5193.8,17,0
5196.7,14,0
5199.6,13,1
5202.5,13,0
5205.3,11,0
5208.2,19,0
5211.1,17,0
5213.9,18,0
5216.8,16,0
5219.7,10,0
5222.5,12,0
5225.4,14,0
5228.3,17,0
5231.1,10,0
5234,10,0
5236.9,14,0
5239.8,15,0
5242.6,23,0
5245.5,14,0
5248.4,11,0
5251.2,10,0
5254.1,12,0
5257,17,0
5259.8,15,0
5262.7,11,0
5265.6,11,0
5268.5,17,0
5271.3,16,0
5274.2,19,0
5277.1,14,0
5279.9,14,0
5282.8,9,0
5285.7,17,0
5288.5,8,0
5291.4,7,0
5294.3,10,0
5297.1,15,0
5300,16,0
5302.9,6,0
5305.8,12,0
5308.6,9,0
5311.5,15,0
5314.4,13,0
5317.2,16,0
5320.1,10,0
5323,10,0
5325.8,9,0
5328.7,9,0
5331.6,10,0
5334.5,12,0
5337.3,10,0
5340.2,15,0
5343.1,9,0
5345.9,10,0
5348.8,18,1
5351.7,7,0
5354.5,15,0
5357.4,12,0
5360.3,14,0
5363.1,9,0
5366,15,0
5368.9,15,0
5371.8,9,0
5374.6,12,0
5377.5,14,0
5380.4,11,1
5383.2,11,0
5386.1,11,0
5389,15,0
5391.8,9,1
5394.7,7,0
5397.6,6,0
5400.5,10,0
5403.3,18,0
5406.2,4,0
5409.1,9,0
5411.9,10,0
5414.8,14,0
5417.7,12,0
5420.5,13,0
5423.4,13,0
5426.3,6,0
5429.1,11,0
5432,5,0
5434.9,8,0
5437.8,10,0
5440.6,14,0
5443.5,9,0
5446.4,13,0
5449.2,15,0
5452.1,6,0
5455,9,0
5457.8,10,0
5460.7,6,0
5463.6,15,0
5466.4,7,0
5469.3,4,0
5472.2,16,0
5475.1,6,1
5477.9,7,0
5480.8,7,0
5483.7,9,0
5486.5,12,1
5489.4,10,1
5492.3,8,0
5495.1,7,0
5498,11,0
5500.9,13,0
5503.8,10,0
5506.6,10,0
5509.5,9,0
5512.4,8,0
5515.2,13,0
5518.1,12,0
5521,10,0
5523.8,10,0
5526.7,9,0
5529.6,9,0
5532.4,8,0
5535.3,11,0
5538.2,9,0
5541.1,9,0
5543.9,4,0
5546.8,6,0
5549.7,7,0
5552.5,6,0
5555.4,4,0
5558.3,9,0
5561.1,7,0
5564,7,0
5566.9,5,0
5569.8,10,0
5572.6,6,0
5575.5,8,0
5578.4,3,0
5581.2,7,0
5584.1,14,0
5587,5,0
5589.8,7,0
5592.7,8,0
5595.6,5,0
5598.4,13,1
5601.3,7,0
5604.2,7,0
5607.1,7,0
5609.9,7,0
5612.8,9,0
5615.7,7,0
5618.5,4,0
5621.4,8,0
5624.3,4,0
5627.1,8,0
5630,7,0
5632.9,5,0
5635.8,2,0
5638.6,8,0
5641.5,6,0
5644.4,7,0
5647.2,5,0
5650.1,5,0
5653,9,0
5655.8,11,0
5658.7,8,0
5661.6,11,0
5664.4,5,0
5667.3,11,0
5670.2,6,0
5673.1,8,0
5675.9,5,0
5678.8,4,0
5681.7,4,0
5684.5,10,0
5687.4,8,0
5690.3,5,0
5693.1,7,0
5696,5,0
5698.9,10,0
5701.8,7,0
5704.6,4,0
5707.5,7,0
5710.4,6,0
5713.2,4,0
5716.1,10,0
5719,6,0
5721.8,7,0
5724.7,6,0
5727.6,7,0
5730.4,5,0
5733.3,5,0
5736.2,8,0
5739.1,9,0
5741.9,5,0
5744.8,5,0
5747.7,8,0
5750.5,9,0
5753.4,4,0
5756.3,10,0
5759.1,6,0
5762,4,0
5764.9,6,0
5767.8,8,0
5770.6,6,0
5773.5,6,0
5776.4,5,0
5779.2,5,0
5782.1,8,0
5785,4,0
5787.8,4,0
5790.7,4,0
5793.6,8,0
5796.4,3,0
5799.3,4,0
5802.2,9,0
5805.1,6,0
5807.9,5,0
5810.8,10,0
5813.7,7,0
5816.5,6,0
5819.4,6,0
5822.3,4,0
5825.1,6,0
5828,6,0
5830.9,7,0
5833.7,4,0
5836.6,3,0
5839.5,3,0
5842.4,5,0
5845.2,1,0
5848.1,5,0
5851,7,0
5853.8,6,0
5856.7,5,0
5859.6,3,0
5862.4,8,0
5865.3,7,1
5868.2,3,0
5871.1,4,0
5873.9,48,3
