E_1 / keV,n_1,Cs_137,Am-241,Co_57
0,0,3,0,0
3.3,1,12,0,0
6.6,2,41,0,0
9.8,3,57,0,0
13.1,4,78,3,1
16.4,5,92,29,2
19.7,6,138,33,11
22.9,7,136,19,28
26.2,8,170,17,37
29.5,9,183,55,41
32.8,10,176,121,53
36,11,187,206,60
39.3,12,177,314,50
42.6,13,180,461,56
45.9,14,178,778,63
49.2,15,163,1142,96
52.4,16,156,1537,77
55.7,17,188,1550,86
59,18,203,1350,94
62.3,19,160,973,124
65.5,20,199,623,158
68.8,21,179,272,133
72.1,22,189,119,151
75.4,23,193,40,140
78.7,24,202,22,148
81.9,25,186,14,132
85.2,26,191,17,134
88.5,27,202,21,139
91.8,28,193,17,130
95,29,214,14,122
98.3,30,205,10,112
101.6,31,181,18,128
104.9,32,199,14,130
108.1,33,205,10,162
111.4,34,195,22,201
114.7,35,209,18,236
118,36,201,17,281
121.3,37,193,10,355
124.5,38,223,20,419
127.8,39,173,13,456
131.1,40,224,10,453
134.4,41,237,13,416
137.6,42,211,7,303
140.9,43,220,21,268
144.2,44,226,11,237
147.5,45,227,16,171
150.8,46,229,14,157
154,47,267,12,155
157.3,48,253,11,114
160.6,49,254,10,97
163.9,50,256,11,110
167.1,51,293,6,84
170.4,52,282,7,88
173.7,53,273,12,97
177,54,291,8,88
180.2,55,316,10,91
183.5,56,318,7,97
186.8,57,302,12,91
190.1,58,314,13,91
193.4,59,388,5,87
196.6,60,363,9,65
199.9,61,335,7,82
203.2,62,354,11,85
206.5,63,368,12,73
209.7,64,376,11,89
213,65,350,8,78
216.3,66,372,3,81
219.6,67,383,11,85
222.9,68,392,9,77
226.1,69,371,13,73
229.4,70,404,11,61
232.7,71,347,10,57
236,72,346,8,61
239.2,73,359,10,85
242.5,74,394,2,63
245.8,75,380,8,56
249.1,76,389,13,81
252.3,77,374,8,65
255.6,78,410,2,66
258.9,79,371,8,65
262.2,80,333,11,62
265.5,81,393,4,68
268.7,82,360,6,59
272,83,344,5,71
275.3,84,343,9,69
278.6,85,384,9,56
281.8,86,379,6,68
285.1,87,393,8,70
288.4,88,341,3,66
291.7,89,387,3,38
295,90,396,17,54
298.2,91,408,5,44
301.5,92,380,10,47
304.8,93,419,8,51
308.1,94,357,9,49
311.3,95,377,6,44
314.6,96,381,6,60
317.9,97,411,9,47
321.2,98,476,7,45
324.4,99,382,12,51
327.7,100,417,8,46
331,101,390,5,48
334.3,102,436,6,24
337.6,103,384,8,45
340.8,104,441,5,41
344.1,105,409,5,31
347.4,106,414,7,39
350.7,107,451,6,37
353.9,108,415,11,39
357.2,109,431,9,44
360.5,110,440,5,41
363.8,111,418,3,44
367,112,407,3,39
370.3,113,432,8,38
373.6,114,460,7,43
376.9,115,459,4,30
380.2,116,472,9,25
383.4,117,421,5,35
386.7,118,453,7,23
390,119,425,4,34
393.3,120,448,6,32
396.5,121,411,3,18
399.8,122,449,4,25
403.1,123,466,2,40
406.4,124,490,2,21
409.7,125,460,2,32
412.9,126,514,2,23
416.2,127,473,1,24
419.5,128,450,4,28
422.8,129,475,6,32
426,130,495,3,20
429.3,131,437,5,28
432.6,132,480,5,29
435.9,133,499,1,21
439.1,134,467,3,20
442.4,135,483,2,25
445.7,136,462,1,23
449,137,470,0,31
452.3,138,467,3,32
455.5,139,441,3,32
458.8,140,463,3,25
462.1,141,459,3,23
465.4,142,454,6,12
468.6,143,485,4,28
471.9,144,490,1,29
475.2,145,480,0,21
478.5,146,473,3,23
481.8,147,463,2,18
485,148,485,5,27
488.3,149,516,1,28
491.6,150,472,3,29
494.9,151,530,2,20
498.1,152,529,3,24
501.4,153,533,3,24
504.7,154,493,0,28
508,155,493,2,24
511.2,156,548,3,30
514.5,157,577,7,17
517.8,158,572,3,25
521.1,159,582,2,25
524.4,160,595,0,28
527.6,161,688,1,21
530.9,162,656,0,17
534.2,163,698,2,24
537.5,164,756,5,30
540.7,165,815,4,23
544,166,828,1,21
547.3,167,778,2,26
550.6,168,886,2,22
553.9,169,882,1,24
557.1,170,931,2,13
560.4,171,993,3,24
563.7,172,1024,5,19
567,173,1045,2,21
570.2,174,1110,2,16
573.5,175,1150,3,24
576.8,176,1281,1,18
580.1,177,1202,0,17
583.3,178,1260,0,20
586.6,179,1343,1,12
589.9,180,1351,0,15
593.2,181,1492,0,14
596.5,182,1451,1,14
599.7,183,1645,0,20
603,184,1637,2,13
606.3,185,1626,2,14
609.6,186,1731,0,21
612.8,187,1750,2,15
616.1,188,1887,7,20
619.4,189,1921,6,13
622.7,190,1911,4,18
626,191,2041,1,25
629.2,192,2170,4,17
632.5,193,2208,5,14
635.8,194,2199,0,27
639.1,195,2334,1,15
642.3,196,2530,3,17
645.6,197,2498,1,15
648.9,198,2506,2,17
652.2,199,2537,4,7
655.4,200,2467,1,16
658.7,201,2549,0,13
662,202,2622,2,12
665.3,203,2600,4,17
668.6,204,2605,3,13
671.8,205,2557,1,12
675.1,206,2570,2,9
678.4,207,2529,3,17
681.7,208,2475,1,11
684.9,209,2529,2,18
688.2,210,2364,3,16
691.5,211,2399,1,27
694.8,212,2161,0,16
698,213,2205,1,18
701.3,214,2257,2,16
704.6,215,2147,2,12
707.9,216,1925,1,13
711.2,217,1977,2,5
714.4,218,1805,2,13
717.7,219,1838,1,15
721,220,1693,3,12
724.3,221,1583,1,8
727.5,222,1520,0,9
730.8,223,1473,3,16
734.1,224,1503,1,13
737.4,225,1475,2,16
740.7,226,1322,0,10
743.9,227,1379,0,10
747.2,228,1290,0,18
750.5,229,1310,0,12
753.8,230,1298,0,13
757,231,1250,0,11
760.3,232,1193,1,7
763.6,233,1172,0,12
766.9,234,1087,0,11
770.1,235,1157,1,6
773.4,236,1137,0,9
776.7,237,1094,1,14
780,238,1118,1,8
783.3,239,1094,2,5
786.5,240,1128,0,4
789.8,241,1054,2,12
793.1,242,1059,0,13
796.4,243,1097,0,10
799.6,244,1060,2,15
802.9,245,1075,2,11
806.2,246,1044,1,8
809.5,247,1109,0,11
812.8,248,1123,1,11
816,249,1100,2,11
819.3,250,1121,0,4
822.6,251,1038,1,12
825.9,252,1064,0,12
829.1,253,1064,2,12
832.4,254,1043,1,8
835.7,255,1024,1,12
839,256,1072,1,12
842.2,257,980,1,11
845.5,258,1131,1,9
848.8,259,1025,1,7
852.1,260,1042,0,9
855.4,261,1037,0,7
858.6,262,1041,0,9
861.9,263,1086,0,14
865.2,264,960,1,7
868.5,265,1112,1,15
871.7,266,1011,2,15
875,267,1058,0,10
878.3,268,1055,1,10
881.6,269,1068,0,4
884.9,270,1024,1,10
888.1,271,1073,2,9
891.4,272,1036,1,8
894.7,273,1001,0,10
898,274,1065,1,4
901.2,275,1056,0,12
904.5,276,1010,2,10
907.8,277,1056,0,10
911.1,278,1038,2,8
914.3,279,1079,1,10
917.6,280,972,1,10
920.9,281,999,0,7
924.2,282,979,0,11
927.5,283,1014,0,5
930.7,284,1002,0,6
934,285,987,0,7
937.3,286,1032,0,9
940.6,287,1044,0,7
943.8,288,1007,0,10
947.1,289,976,0,5
950.4,290,1091,2,10
953.7,291,978,0,9
957,292,1020,0,14
960.2,293,1044,1,5
963.5,294,1006,0,8
966.8,295,993,0,7
970.1,296,997,0,8
973.3,297,996,1,10
976.6,298,1009,0,9
979.9,299,955,2,4
983.2,300,984,2,12
986.4,301,953,1,2
989.7,302,902,0,9
993,303,992,1,9
996.3,304,928,0,5
999.6,305,981,0,4
1002.8,306,937,2,9
1006.1,307,935,1,4
1009.4,308,969,2,8
1012.7,309,970,1,4
1015.9,310,941,2,9
1019.2,311,911,0,7
1022.5,312,935,0,10
1025.8,313,977,0,5
1029,314,929,0,8
1032.3,315,931,2,2
1035.6,316,938,0,10
1038.9,317,903,2,8
1042.2,318,944,1,9
1045.4,319,916,0,8
1048.7,320,916,0,6
1052,321,891,0,3
1055.3,322,888,0,11
1058.5,323,900,0,7
1061.8,324,910,2,9
1065.1,325,872,0,8
1068.4,326,872,0,10
1071.7,327,866,1,4
1074.9,328,864,1,9
1078.2,329,898,0,3
1081.5,330,928,1,9
1084.8,331,917,0,5
1088,332,880,1,8
1091.3,333,803,1,7
1094.6,334,815,0,6
1097.9,335,852,4,10
1101.1,336,876,1,6
1104.4,337,842,0,8
1107.7,338,818,0,9
1111,339,824,1,4
1114.3,340,794,0,5
1117.5,341,822,1,7
1120.8,342,820,0,4
1124.1,343,845,0,4
1127.4,344,856,0,2
1130.6,345,818,0,3
1133.9,346,854,1,4
1137.2,347,816,0,0
1140.5,348,862,0,4
1143.8,349,795,0,6
1147,350,778,0,5
1150.3,351,756,1,2
1153.6,352,807,0,6
1156.9,353,785,1,4
1160.1,354,764,0,4
1163.4,355,791,1,4
1166.7,356,827,3,5
1170,357,798,1,2
1173.2,358,847,0,5
1176.5,359,802,0,5
1179.8,360,741,0,6
1183.1,361,819,0,6
1186.4,362,729,0,4
1189.6,363,785,1,5
1192.9,364,802,1,4
1196.2,365,747,1,5
1199.5,366,756,0,6
1202.7,367,747,0,7
1206,368,748,0,3
1209.3,369,750,0,5
1212.6,370,799,1,4
1215.9,371,721,0,6
1219.1,372,731,0,2
1222.4,373,794,0,2
1225.7,374,740,1,6
1229,375,768,0,5
1232.2,376,750,0,7
1235.5,377,773,2,6
1238.8,378,733,0,4
1242.1,379,751,0,3
1245.3,380,698,0,3
1248.6,381,746,2,10
1251.9,382,759,1,3
1255.2,383,815,0,2
1258.5,384,755,1,5
1261.7,385,814,0,3
1265,386,813,0,3
1268.3,387,743,1,6
1271.6,388,760,1,4
1274.8,389,706,1,2
1278.1,390,747,0,6
1281.4,391,718,0,7
1284.7,392,690,1,4
1288,393,713,1,4
1291.2,394,657,0,5
1294.5,395,690,0,2
1297.8,396,711,0,0
1301.1,397,668,1,6
1304.3,398,601,0,5
1307.6,399,652,1,4
1310.9,400,612,1,4
1314.2,401,652,2,4
1317.4,402,685,0,7
1320.7,403,621,1,6
1324,404,635,0,1
1327.3,405,591,0,8
1330.6,406,670,1,6
1333.8,407,621,0,4
1337.1,408,585,0,3
1340.4,409,557,0,2
1343.7,410,524,1,1
1346.9,411,581,0,5
1350.2,412,552,0,4
1353.5,413,485,1,10
1356.8,414,506,2,9
1360,415,472,1,7
1363.3,416,497,1,7
1366.6,417,472,0,8
1369.9,418,474,0,9
1373.2,419,478,0,2
1376.4,420,448,1,5
1379.7,421,397,0,8
1383,422,442,1,7
1386.3,423,426,1,7
1389.5,424,369,0,3
1392.8,425,379,0,4
1396.1,426,379,0,7
1399.4,427,357,0,2
1402.7,428,347,0,2
1405.9,429,328,0,3
1409.2,430,324,0,1
1412.5,431,306,0,6
1415.8,432,342,1,5
1419,433,293,0,6
1422.3,434,297,0,3
1425.6,435,250,1,6
1428.9,436,276,1,4
1432.1,437,274,0,6
1435.4,438,282,0,6
1438.7,439,257,0,5
1442,440,235,0,3
1445.3,441,244,0,2
1448.5,442,228,1,3
1451.8,443,238,1,4
1455.1,444,207,0,4
1458.4,445,205,0,1
1461.6,446,226,0,1
1464.9,447,219,0,4
1468.2,448,217,0,2
1471.5,449,223,3,3
1474.8,450,202,0,1
1478,451,207,0,3
1481.3,452,204,1,8
1484.6,453,185,0,1
1487.9,454,198,0,2
1491.1,455,197,0,4
1494.4,456,193,1,1
1497.7,457,207,1,4
1501,458,178,0,3
1504.2,459,181,1,4
1507.5,460,164,1,1
1510.8,461,169,0,2
1514.1,462,165,0,3
1517.4,463,175,1,3
1520.6,464,176,0,1
1523.9,465,179,1,1
1527.2,466,152,1,2
1530.5,467,159,0,2
1533.7,468,169,0,2
1537,469,162,0,2
1540.3,470,150,0,1
1543.6,471,159,0,3
1546.9,472,166,1,2
1550.1,473,139,0,2
1553.4,474,153,0,1
1556.7,475,156,1,2
1560,476,151,1,2
1563.2,477,157,0,3
1566.5,478,151,0,1
1569.8,479,152,0,5
1573.1,480,150,0,1
1576.3,481,144,0,2
1579.6,482,143,0,4
1582.9,483,141,0,0
1586.2,484,143,0,2
1589.5,485,139,1,2
1592.7,486,125,0,2
1596,487,155,1,1
1599.3,488,125,1,1
1602.6,489,133,0,0
1605.8,490,115,0,0
1609.1,491,118,0,2
1612.4,492,131,0,4
1615.7,493,132,0,6
1619,494,138,0,0
1622.2,495,108,0,2
1625.5,496,112,0,3
1628.8,497,115,0,2
1632.1,498,111,0,1
1635.3,499,109,0,0
1638.6,500,114,0,0
1641.9,501,120,0,1
1645.2,502,92,1,1
1648.4,503,98,0,0
1651.7,504,113,0,1
1655,505,89,0,1
1658.3,506,109,0,0
1661.6,507,92,0,0
1664.8,508,111,0,2
1668.1,509,90,0,1
1671.4,510,100,0,1
1674.7,511,97,0,3
1677.9,512,100,0,1
1681.2,513,91,0,1
1684.5,514,93,0,3
1687.8,515,75,0,1
1691,516,95,0,2
1694.3,517,93,1,2
1697.6,518,96,0,1
1700.9,519,79,0,3
1704.2,520,98,0,0
1707.4,521,98,0,2
1710.7,522,72,0,0
1714,523,83,0,1
1717.3,524,79,0,3
1720.5,525,86,0,1
1723.8,526,82,0,1
1727.1,527,73,0,1
1730.4,528,88,0,2
1733.7,529,81,0,2
1736.9,530,84,0,1
1740.2,531,85,0,3
1743.5,532,77,0,1
1746.8,533,82,0,4
1750,534,67,0,1
1753.3,535,65,0,0
1756.6,536,66,0,1
1759.9,537,72,0,1
1763.1,538,77,0,2
1766.4,539,71,0,2
1769.7,540,61,0,2
1773,541,76,1,2
1776.3,542,59,0,0
1779.5,543,67,0,1
1782.8,544,56,0,0
1786.1,545,72,0,2
1789.4,546,70,1,0
1792.6,547,58,0,0
1795.9,548,79,0,4
1799.2,549,57,1,0
1802.5,550,52,0,0
1805.8,551,57,0,0
1809,552,62,1,4
1812.3,553,61,0,1
1815.6,554,47,0,1
1818.9,555,65,0,3
1822.1,556,58,0,1
1825.4,557,57,0,1
1828.7,558,48,1,2
1832,559,52,0,1
1835.2,560,54,0,0
1838.5,561,64,0,1
1841.8,562,51,0,0
1845.1,563,46,0,2
1848.4,564,56,0,3
1851.6,565,56,0,2
1854.9,566,44,0,2
1858.2,567,39,0,2
1861.5,568,48,0,0
1864.7,569,53,1,1
1868,570,45,0,0
1871.3,571,49,0,0
1874.6,572,49,2,0
1877.9,573,34,1,1
1881.1,574,39,0,0
1884.4,575,46,0,0
1887.7,576,35,0,0
1891,577,40,0,0
1894.2,578,43,0,2
1897.5,579,45,0,0
1900.8,580,43,0,0
1904.1,581,48,0,0
1907.3,582,42,1,1
1910.6,583,37,0,0
1913.9,584,31,0,1
1917.2,585,25,0,1
1920.5,586,44,0,0
1923.7,587,37,0,2
1927,588,33,0,1
1930.3,589,28,0,0
1933.6,590,30,0,1
1936.8,591,39,0,1
1940.1,592,17,0,0
1943.4,593,34,0,1
1946.7,594,29,0,1
1950,595,31,0,0
1953.2,596,21,0,0
1956.5,597,36,0,2
1959.8,598,31,0,0
1963.1,599,33,0,0
1966.3,600,16,1,2
1969.6,601,16,0,0
1972.9,602,36,0,1
1976.2,603,23,0,1
1979.4,604,23,0,0
1982.7,605,17,0,0
1986,606,34,0,2
1989.3,607,34,0,1
1992.6,608,23,0,1
1995.8,609,28,0,0
1999.1,610,18,0,1
2002.4,611,17,0,0
2005.7,612,22,0,2
2008.9,613,20,0,0
2012.2,614,29,0,0
2015.5,615,26,1,1
2018.8,616,20,0,0
2022,617,17,0,1
2025.3,618,24,0,3
2028.6,619,21,0,0
2031.9,620,21,0,0
2035.2,621,17,0,0
2038.4,622,15,0,0
2041.7,623,22,0,1
2045,624,14,0,0
2048.3,625,9,0,0
2051.5,626,16,0,1
2054.8,627,14,0,1
2058.1,628,12,0,0
2061.4,629,17,0,1
2064.7,630,18,1,0
2067.9,631,9,0,0
2071.2,632,13,0,1
2074.5,633,12,0,1
2077.8,634,10,0,1
2081,635,8,0,3
2084.3,636,13,1,1
2087.6,637,11,0,1
2090.9,638,15,0,3
2094.1,639,17,0,1
2097.4,640,5,0,2
2100.7,641,9,0,2
2104,642,15,0,0
2107.3,643,9,0,0
2110.5,644,10,0,3
2113.8,645,10,0,0
2117.1,646,10,0,1
2120.4,647,7,0,0
2123.6,648,9,0,2
2126.9,649,11,0,1
2130.2,650,7,0,2
2133.5,651,2,0,0
2136.8,652,6,0,1
2140,653,8,0,0
2143.3,654,10,1,0
2146.6,655,8,0,0
2149.9,656,3,0,0
2153.1,657,7,0,0
2156.4,658,3,0,3
2159.7,659,5,0,1
2163,660,4,0,0
2166.2,661,6,0,1
2169.5,662,7,0,2
2172.8,663,4,0,0
2176.1,664,6,0,0
2179.4,665,8,0,1
2182.6,666,9,0,1
2185.9,667,11,0,1
2189.2,668,8,0,3
2192.5,669,6,0,0
2195.7,670,1,0,0
2199,671,4,0,0
2202.3,672,7,0,0
2205.6,673,7,0,0
2208.9,674,4,0,2
2212.1,675,7,0,2
2215.4,676,7,0,1
2218.7,677,3,0,0
2222,678,3,0,1
2225.2,679,3,1,0
2228.5,680,3,0,0
2231.8,681,8,0,3
2235.1,682,3,0,0
2238.3,683,4,0,0
2241.6,684,7,0,0
2244.9,685,5,0,0
2248.2,686,3,0,0
2251.5,687,3,0,0
2254.7,688,4,0,0
2258,689,3,0,0
2261.3,690,5,0,0
2264.6,691,5,1,0
2267.8,692,3,1,0
2271.1,693,5,0,0
2274.4,694,1,0,0
2277.7,695,0,0,0
2281,696,8,0,0
2284.2,697,1,0,1
2287.5,698,3,0,2
2290.8,699,2,0,0
2294.1,700,6,0,1
2297.3,701,7,0,0
2300.6,702,4,0,0
2303.9,703,1,0,0
2307.2,704,4,0,0
2310.4,705,2,0,1
2313.7,706,1,0,0
2317,707,3,0,1
2320.3,708,3,0,3
2323.6,709,4,0,0
2326.8,710,2,0,0
2330.1,711,3,0,0
2333.4,712,2,0,0
2336.7,713,1,1,1
2339.9,714,2,0,1
2343.2,715,4,0,1
2346.5,716,3,0,0
2349.8,717,5,1,0
2353,718,5,0,1
2356.3,719,2,0,1
2359.6,720,2,0,1
2362.9,721,3,0,0
2366.2,722,0,0,1
2369.4,723,1,0,0
2372.7,724,3,0,0
2376,725,0,0,1
2379.3,726,2,0,0
2382.5,727,4,2,1
2385.8,728,5,0,1
2389.1,729,2,0,0
2392.4,730,0,0,1
2395.7,731,1,1,1
2398.9,732,5,0,0
2402.2,733,1,0,0
2405.5,734,2,0,0
2408.8,735,3,0,1
2412,736,0,0,0
2415.3,737,0,0,0
2418.6,738,4,0,2
2421.9,739,2,0,1
2425.1,740,3,0,0
2428.4,741,2,0,1
2431.7,742,3,0,4
2435,743,2,0,2
2438.3,744,3,0,0
2441.5,745,1,0,0
2444.8,746,2,0,0
2448.1,747,1,0,2
2451.4,748,2,0,0
2454.6,749,0,0,0
2457.9,750,1,0,1
2461.2,751,1,0,1
2464.5,752,2,0,0
2467.8,753,2,1,0
2471,754,0,0,1
2474.3,755,3,0,0
2477.6,756,3,0,0
2480.9,757,1,0,0
2484.1,758,2,0,1
2487.4,759,0,0,0
2490.7,760,3,0,2
2494,761,0,1,0
2497.2,762,2,0,0
2500.5,763,1,0,0
2503.8,764,0,0,0
2507.1,765,1,0,0
2510.4,766,2,0,1
2513.6,767,1,0,0
2516.9,768,2,0,1
2520.2,769,2,0,0
2523.5,770,0,0,0
2526.7,771,1,0,0
2530,772,2,0,0
2533.3,773,0,0,1
2536.6,774,1,0,0
2539.9,775,1,0,1
2543.1,776,0,0,0
2546.4,777,0,0,0
2549.7,778,1,0,0
2553,779,0,0,0
2556.2,780,1,0,0
2559.5,781,1,0,0
2562.8,782,0,0,0
2566.1,783,1,0,0
2569.3,784,1,0,0
2572.6,785,1,0,0
2575.9,786,1,0,0
2579.2,787,1,0,0
2582.5,788,0,0,0
2585.7,789,3,0,0
2589,790,0,0,0
2592.3,791,1,0,0
2595.6,792,0,0,0
2598.8,793,0,0,0
2602.1,794,0,0,0
2605.4,795,0,0,0
2608.7,796,0,0,0
2612,797,3,0,0
2615.2,798,0,0,0
2618.5,799,2,0,0
2621.8,800,0,0,0
2625.1,801,0,0,0
2628.3,802,0,0,0
2631.6,803,0,0,0
2634.9,804,0,0,0
2638.2,805,1,0,0
2641.4,806,0,0,0
2644.7,807,0,0,0
2648,808,0,0,0
2651.3,809,0,0,0
2654.6,810,0,0,0
2657.8,811,0,0,0
2661.1,812,0,0,0
2664.4,813,1,0,0
2667.7,814,1,0,0
2670.9,815,0,0,0
2674.2,816,0,0,0
2677.5,817,1,0,0
2680.8,818,0,0,0
2684,819,0,0,0
2687.3,820,0,0,1
2690.6,821,0,0,0
2693.9,822,0,0,0
2697.2,823,0,0,0
2700.4,824,1,0,0
2703.7,825,1,0,0
2707,826,0,0,0
2710.3,827,0,0,0
2713.5,828,0,0,0
2716.8,829,0,0,0
2720.1,830,0,0,0
2723.4,831,0,0,0
2726.7,832,0,0,0
2729.9,833,0,0,0
2733.2,834,1,0,0
2736.5,835,2,0,0
2739.8,836,0,0,0
2743,837,1,0,0
2746.3,838,0,0,0
2749.6,839,0,0,0
2752.9,840,0,0,0
2756.1,841,0,0,0
2759.4,842,0,0,0
2762.7,843,0,0,0
2766,844,0,0,0
2769.3,845,1,0,0
2772.5,846,0,0,0
2775.8,847,0,0,0
2779.1,848,1,0,0
2782.4,849,0,0,0
2785.6,850,1,0,0
2788.9,851,0,0,0
2792.2,852,0,0,0
2795.5,853,0,0,0
2798.8,854,0,0,0
2802,855,0,0,0
2805.3,856,0,0,0
2808.6,857,0,0,0
2811.9,858,0,0,0
2815.1,859,0,0,0
2818.4,860,0,0,0
2821.7,861,0,0,0
2825,862,0,0,0
2828.2,863,0,0,0
2831.5,864,0,0,0
2834.8,865,0,0,0
2838.1,866,0,0,0
2841.4,867,0,0,0
2844.6,868,0,0,0
2847.9,869,1,0,0
2851.2,870,0,0,0
2854.5,871,0,0,0
2857.7,872,1,0,0
2861,873,0,0,0
2864.3,874,0,0,0
2867.6,875,0,0,0
2870.9,876,0,0,0
2874.1,877,0,0,0
2877.4,878,0,0,0
2880.7,879,0,0,0
2884,880,0,0,0
2887.2,881,0,0,0
2890.5,882,0,0,0
2893.8,883,0,0,0
2897.1,884,0,0,0
2900.3,885,0,0,0
2903.6,886,0,0,0
2906.9,887,0,0,0
2910.2,888,0,0,0
2913.5,889,0,0,0
2916.7,890,0,0,0
2920,891,0,0,0
2923.3,892,0,0,1
2926.6,893,0,0,0
2929.8,894,0,0,0
2933.1,895,0,0,0
2936.4,896,0,0,0
2939.7,897,0,0,0
2943,898,0,0,0
2946.2,899,0,0,0
2949.5,900,0,0,0
2952.8,901,0,0,0
2956.1,902,0,0,0
2959.3,903,0,0,0
2962.6,904,0,0,1
2965.9,905,0,0,0
2969.2,906,0,0,0
2972.4,907,0,0,0
2975.7,908,0,0,0
2979,909,0,0,0
2982.3,910,0,0,0
2985.6,911,0,0,0
2988.8,912,0,0,0
2992.1,913,0,0,0
2995.4,914,0,0,0
2998.7,915,0,0,0
3001.9,916,0,0,0
3005.2,917,0,0,0
3008.5,918,0,0,0
3011.8,919,0,0,0
3015,920,0,0,0
3018.3,921,0,0,0
3021.6,922,1,0,0
3024.9,923,0,0,0
3028.2,924,0,0,0
3031.4,925,1,0,0
3034.7,926,0,0,0
3038,927,0,0,1
3041.3,928,0,0,0
3044.5,929,0,0,0
3047.8,930,0,0,0
3051.1,931,0,0,0
3054.4,932,0,0,0
3057.7,933,0,0,0
3060.9,934,0,0,0
3064.2,935,0,0,0
3067.5,936,0,0,0
3070.8,937,0,0,0
3074,938,0,0,0
3077.3,939,0,0,0
3080.6,940,0,0,0
3083.9,941,0,0,0
3087.1,942,0,0,0
3090.4,943,0,0,0
3093.7,944,0,0,1
3097,945,0,0,0
3100.3,946,0,0,0
3103.5,947,1,0,0
3106.8,948,0,0,1
3110.1,949,0,0,0
3113.4,950,0,0,0
3116.6,951,0,0,0
3119.9,952,0,0,0
3123.2,953,0,0,0
3126.5,954,0,0,0
3129.8,955,0,0,0
3133,956,0,0,0
3136.3,957,0,0,0
3139.6,958,0,0,0
3142.9,959,0,0,0
3146.1,960,0,0,2
3149.4,961,0,0,0
3152.7,962,0,0,0
3156,963,0,0,0
3159.2,964,1,0,0
3162.5,965,0,0,0
3165.8,966,0,0,0
3169.1,967,0,0,0
3172.4,968,0,0,0
3175.6,969,0,0,0
3178.9,970,0,0,0
3182.2,971,0,0,0
3185.5,972,0,0,0
3188.7,973,0,0,0
3192,974,0,0,0
3195.3,975,0,0,0
3198.6,976,0,0,0
3201.9,977,0,0,0
3205.1,978,0,0,0
3208.4,979,0,0,0
3211.7,980,0,0,0
3215,981,0,0,0
3218.2,982,0,0,0
3221.5,983,0,0,0
3224.8,984,0,0,0
3228.1,985,0,0,0
3231.3,986,0,0,0
3234.6,987,0,0,0
3237.9,988,0,0,0
3241.2,989,0,0,0
3244.5,990,0,0,0
3247.7,991,0,0,0
3251,992,0,0,0
3254.3,993,0,0,0
3257.6,994,0,0,1
3260.8,995,0,0,0
3264.1,996,0,0,0
3267.4,997,0,0,0
3270.7,998,0,0,0
3274,999,0,0,0
3277.2,1000,0,0,0
3280.5,1001,0,0,0
3283.8,1002,0,0,0
3287.1,1003,0,0,0
3290.3,1004,0,0,0
3293.6,1005,0,0,0
3296.9,1006,0,0,0
3300.2,1007,0,0,0
3303.4,1008,0,0,0
3306.7,1009,0,0,0
3310,1010,0,0,0
3313.3,1011,0,0,0
3316.6,1012,0,0,0
3319.8,1013,0,0,0
3323.1,1014,0,0,0
3326.4,1015,0,0,0
3329.7,1016,0,0,0
3332.9,1017,0,0,0
3336.2,1018,0,0,0
3339.5,1019,0,0,0
3342.8,1020,0,0,0
3346,1021,0,0,0
3349.3,1022,0,0,0
3352.6,1023,0,1,0
3355.9,1024,0,0,0
3359.2,1025,0,0,0
3362.4,1026,0,0,0
3365.7,1027,0,0,0
3369,1028,0,0,0
3372.3,1029,0,0,0
3375.5,1030,0,0,0
3378.8,1031,0,0,0
3382.1,1032,0,0,0
3385.4,1033,0,0,0
3388.7,1034,0,0,0
3391.9,1035,0,0,0
3395.2,1036,0,0,0
3398.5,1037,0,0,0
3401.8,1038,0,0,2
3405,1039,0,0,0
3408.3,1040,0,0,0
3411.6,1041,0,0,0
3414.9,1042,0,0,0
3418.1,1043,0,0,0
3421.4,1044,0,0,0
3424.7,1045,0,0,0
3428,1046,0,0,0
3431.3,1047,0,0,1
3434.5,1048,0,0,0
3437.8,1049,0,0,0
3441.1,1050,0,0,0
3444.4,1051,0,0,0
3447.6,1052,0,0,0
3450.9,1053,0,0,0
3454.2,1054,0,1,0
3457.5,1055,0,0,0
3460.8,1056,0,0,0
3464,1057,0,0,0
3467.3,1058,0,0,0
3470.6,1059,0,0,0
3473.9,1060,0,0,0
3477.1,1061,0,0,0
3480.4,1062,0,0,0
3483.7,1063,0,0,0
3487,1064,0,0,0
3490.2,1065,0,0,0
3493.5,1066,0,0,0
3496.8,1067,0,0,0
3500.1,1068,0,0,0
3503.4,1069,0,0,0
3506.6,1070,0,0,0
3509.9,1071,0,0,0
3513.2,1072,0,0,0
3516.5,1073,0,0,0
3519.7,1074,0,0,0
3523,1075,0,0,0
3526.3,1076,0,0,0
3529.6,1077,0,0,0
3532.9,1078,0,1,1
3536.1,1079,0,0,0
3539.4,1080,0,0,0
3542.7,1081,0,0,1
3546,1082,0,0,0
3549.2,1083,0,0,1
3552.5,1084,0,0,0
3555.8,1085,0,0,0
3559.1,1086,0,0,0
3562.3,1087,0,0,0
3565.6,1088,0,0,1
3568.9,1089,0,0,0
3572.2,1090,0,0,0
3575.5,1091,0,0,0
3578.7,1092,0,0,0
3582,1093,0,0,0
3585.3,1094,0,0,0
3588.6,1095,0,0,0
3591.8,1096,0,0,0
3595.1,1097,0,0,0
3598.4,1098,0,0,0
3601.7,1099,0,0,0
3605,1100,0,0,0
3608.2,1101,0,0,0
3611.5,1102,0,0,0
3614.8,1103,0,0,0
3618.1,1104,0,0,0
3621.3,1105,0,0,0
3624.6,1106,0,0,0
3627.9,1107,0,0,0
3631.2,1108,0,0,0
3634.4,1109,0,0,0
3637.7,1110,0,0,0
3641,1111,0,0,0
3644.3,1112,0,0,0
3647.6,1113,0,0,0
3650.8,1114,0,0,0
3654.1,1115,0,0,0
3657.4,1116,0,0,0
3660.7,1117,0,0,0
3663.9,1118,0,0,0
3667.2,1119,0,0,0
3670.5,1120,0,0,0
3673.8,1121,0,0,0
3677,1122,0,0,0
3680.3,1123,0,0,0
3683.6,1124,0,0,0
3686.9,1125,0,0,0
3690.2,1126,0,0,0
3693.4,1127,0,0,0
3696.7,1128,0,0,0
3700,1129,0,0,0
3703.3,1130,0,0,0
3706.5,1131,0,0,0
3709.8,1132,0,0,0
3713.1,1133,0,0,0
3716.4,1134,0,0,0
3719.7,1135,0,0,0
3722.9,1136,0,0,0
3726.2,1137,0,0,0
3729.5,1138,0,0,0
3732.8,1139,0,0,0
3736,1140,0,0,0
3739.3,1141,0,0,1
3742.6,1142,0,0,0
3745.9,1143,0,0,0
3749.1,1144,0,0,0
3752.4,1145,0,0,0
3755.7,1146,0,0,0
3759,1147,0,0,0
3762.3,1148,0,0,0
3765.5,1149,0,0,0
3768.8,1150,0,0,0
3772.1,1151,0,0,0
3775.4,1152,0,0,0
3778.6,1153,0,0,0
3781.9,1154,0,0,0
3785.2,1155,0,0,0
3788.5,1156,0,0,0
3791.8,1157,0,0,0
3795,1158,0,0,0
3798.3,1159,0,0,0
3801.6,1160,0,0,0
3804.9,1161,0,0,1
3808.1,1162,0,0,0
3811.4,1163,0,0,0
3814.7,1164,0,0,0
3818,1165,0,0,0
3821.2,1166,0,0,0
3824.5,1167,0,0,0
3827.8,1168,0,0,0
3831.1,1169,0,0,0
3834.4,1170,0,0,0
3837.6,1171,0,0,0
3840.9,1172,0,0,0
3844.2,1173,0,0,0
3847.5,1174,0,0,0
3850.7,1175,0,0,0
3854,1176,0,0,0
3857.3,1177,0,0,0
3860.6,1178,0,0,0
3863.9,1179,0,0,0
3867.1,1180,0,0,0
3870.4,1181,0,0,0
3873.7,1182,0,0,0
3877,1183,0,0,0
3880.2,1184,0,0,1
3883.5,1185,0,0,0
3886.8,1186,0,0,0
3890.1,1187,0,0,0
3893.3,1188,0,0,0
3896.6,1189,0,0,1
3899.9,1190,0,0,0
3903.2,1191,0,0,0
3906.5,1192,0,0,0
3909.7,1193,0,0,0
3913,1194,0,0,0
3916.3,1195,0,0,0
3919.6,1196,0,0,0
3922.8,1197,0,0,0
3926.1,1198,0,0,0
3929.4,1199,0,0,0
3932.7,1200,0,0,0
3936,1201,0,0,0
3939.2,1202,0,0,0
3942.5,1203,0,0,0
3945.8,1204,0,0,0
3949.1,1205,0,0,0
3952.3,1206,0,0,0
3955.6,1207,0,0,0
3958.9,1208,0,0,0
3962.2,1209,0,0,0
3965.4,1210,0,0,0
3968.7,1211,0,0,0
3972,1212,0,0,0
3975.3,1213,0,0,0
3978.6,1214,0,0,0
3981.8,1215,0,0,0
3985.1,1216,0,0,0
3988.4,1217,0,0,0
3991.7,1218,0,0,0
3994.9,1219,0,0,0
3998.2,1220,0,0,0
4001.5,1221,0,0,0
4004.8,1222,0,1,0
4008,1223,0,0,0
4011.3,1224,0,0,0
4014.6,1225,0,0,0
4017.9,1226,0,0,0
4021.2,1227,0,0,0
4024.4,1228,0,0,0
4027.7,1229,0,0,0
4031,1230,0,0,0
4034.3,1231,0,0,0
4037.5,1232,0,0,0
4040.8,1233,0,0,0
4044.1,1234,0,0,0
4047.4,1235,0,0,0
4050.7,1236,0,0,0
4053.9,1237,0,0,0
4057.2,1238,0,0,0
4060.5,1239,0,0,0
4063.8,1240,0,0,0
4067,1241,0,0,0
4070.3,1242,0,0,0
4073.6,1243,0,0,1
4076.9,1244,0,0,0
4080.1,1245,0,0,0
4083.4,1246,0,0,0
4086.7,1247,0,0,0
4090,1248,0,0,0
4093.3,1249,0,0,0
4096.5,1250,0,0,0
4099.8,1251,0,0,0
4103.1,1252,0,0,0
4106.4,1253,0,0,0
4109.6,1254,0,0,0
4112.9,1255,0,0,0
4116.2,1256,0,0,0
4119.5,1257,0,0,0
4122.8,1258,0,0,0
4126,1259,0,0,0
4129.3,1260,0,0,0
4132.6,1261,0,0,0
4135.9,1262,0,0,0
4139.1,1263,0,0,0
4142.4,1264,0,0,0
4145.7,1265,0,0,0
4149,1266,0,0,0
4152.2,1267,0,0,0
4155.5,1268,0,0,0
4158.8,1269,0,0,0
4162.1,1270,0,0,0
4165.4,1271,0,0,0
4168.6,1272,0,0,0
4171.9,1273,0,0,0
4175.2,1274,0,0,0
4178.5,1275,0,0,0
4181.7,1276,0,0,0
4185,1277,0,0,0
4188.3,1278,0,0,0
4191.6,1279,0,0,0
4194.9,1280,0,0,0
4198.1,1281,0,0,0
4201.4,1282,0,0,0
4204.7,1283,0,0,0
4208,1284,0,0,0
4211.2,1285,0,0,0
4214.5,1286,0,0,0
4217.8,1287,0,0,0
4221.1,1288,0,0,0
4224.3,1289,0,0,0
4227.6,1290,0,0,0
4230.9,1291,0,0,0
4234.2,1292,0,0,0
4237.5,1293,0,0,0
4240.7,1294,0,0,0
4244,1295,0,0,0
4247.3,1296,0,0,0
4250.6,1297,0,0,0
4253.8,1298,0,0,0
4257.1,1299,0,0,0
4260.4,1300,0,0,0
4263.7,1301,0,0,0
4267,1302,0,0,0
4270.2,1303,0,0,0
4273.5,1304,0,0,0
4276.8,1305,0,0,0
4280.1,1306,0,0,0
4283.3,1307,0,0,0
4286.6,1308,0,0,0
4289.9,1309,0,0,0
4293.2,1310,0,0,0
4296.4,1311,0,0,0
4299.7,1312,0,0,0
4303,1313,0,0,0
4306.3,1314,0,0,1
4309.6,1315,0,0,0
4312.8,1316,0,0,0
4316.1,1317,0,0,0
4319.4,1318,0,0,0
4322.7,1319,0,0,0
4325.9,1320,0,0,0
4329.2,1321,0,0,0
4332.5,1322,0,0,0
4335.8,1323,0,0,0
4339,1324,0,0,0
4342.3,1325,0,0,0
4345.6,1326,0,0,0
4348.9,1327,0,0,0
4352.2,1328,0,0,1
4355.4,1329,0,0,0
4358.7,1330,0,0,0
4362,1331,0,0,0
4365.3,1332,0,0,0
4368.5,1333,0,0,0
4371.8,1334,0,0,0
4375.1,1335,0,0,0
4378.4,1336,0,0,0
4381.7,1337,0,0,0
4384.9,1338,0,0,0
4388.2,1339,0,0,0
4391.5,1340,0,0,0
4394.8,1341,0,0,0
4398,1342,0,0,0
4401.3,1343,0,0,0
4404.6,1344,0,0,0
4407.9,1345,0,0,0
4411.1,1346,0,0,0
4414.4,1347,0,0,0
4417.7,1348,0,0,0
4421,1349,0,0,0
4424.3,1350,0,0,1
4427.5,1351,0,0,0
4430.8,1352,0,0,0
4434.1,1353,0,0,0
4437.4,1354,0,0,0
4440.6,1355,0,0,0
4443.9,1356,0,0,0
4447.2,1357,0,0,0
4450.5,1358,0,0,0
4453.8,1359,0,0,0
4457,1360,0,0,0
4460.3,1361,0,0,0
4463.6,1362,0,0,0
4466.9,1363,0,0,0
4470.1,1364,0,0,0
4473.4,1365,0,0,0
4476.7,1366,0,0,0
4480,1367,0,0,0
4483.2,1368,0,0,0
4486.5,1369,0,0,0
4489.8,1370,0,0,0
4493.1,1371,0,0,0
4496.4,1372,0,0,0
4499.6,1373,0,0,0
4502.9,1374,0,0,0
4506.2,1375,0,0,0
4509.5,1376,0,0,0
4512.7,1377,0,0,0
4516,1378,0,0,0
4519.3,1379,0,0,1
4522.6,1380,0,0,0
4525.9,1381,0,0,0
4529.1,1382,0,0,0
4532.4,1383,0,0,0
4535.7,1384,0,0,0
4539,1385,0,0,0
4542.2,1386,0,0,0
4545.5,1387,0,0,0
4548.8,1388,0,0,0
4552.1,1389,0,0,0
4555.3,1390,0,0,0
4558.6,1391,0,0,0
4561.9,1392,0,0,1
4565.2,1393,0,0,0
4568.5,1394,0,0,0
4571.7,1395,0,0,0
4575,1396,0,0,0
4578.3,1397,0,0,0
4581.6,1398,0,0,0
4584.8,1399,0,0,0
4588.1,1400,0,0,0
4591.4,1401,0,0,0
4594.7,1402,0,0,0
4598,1403,0,0,0
4601.2,1404,0,0,0
4604.5,1405,0,0,0
4607.8,1406,0,0,0
4611.1,1407,0,0,0
4614.3,1408,0,0,0
4617.6,1409,0,0,0
4620.9,1410,0,0,1
4624.2,1411,0,0,0
4627.4,1412,0,0,0
4630.7,1413,0,0,0
4634,1414,0,0,0
4637.3,1415,0,0,0
4640.6,1416,0,0,0
4643.8,1417,0,0,0
4647.1,1418,0,0,1
4650.4,1419,0,0,1
4653.7,1420,0,0,0
4656.9,1421,0,0,0
4660.2,1422,0,0,0
4663.5,1423,0,0,0
4666.8,1424,0,0,0
4670,1425,0,0,0
4673.3,1426,0,0,0
4676.6,1427,0,0,0
4679.9,1428,0,0,0
4683.2,1429,0,0,0
4686.4,1430,0,0,0
4689.7,1431,0,0,0
4693,1432,0,0,0
4696.3,1433,0,0,0
4699.5,1434,0,0,0
4702.8,1435,0,0,0
4706.1,1436,0,0,0
4709.4,1437,0,0,0
4712.7,1438,0,0,0
4715.9,1439,0,0,0
4719.2,1440,0,0,0
4722.5,1441,0,0,0
4725.8,1442,0,0,0
4729,1443,0,0,0
4732.3,1444,0,0,0
4735.6,1445,0,0,0
4738.9,1446,0,0,0
4742.1,1447,0,0,0
4745.4,1448,0,0,0
4748.7,1449,0,0,0
4752,1450,0,0,0
4755.3,1451,0,0,0
4758.5,1452,0,0,0
4761.8,1453,0,0,0
4765.1,1454,0,0,0
4768.4,1455,0,0,0
4771.6,1456,0,0,0
4774.9,1457,0,0,0
4778.2,1458,0,0,0
4781.5,1459,0,0,0
4784.8,1460,0,0,0
4788,1461,0,0,0
4791.3,1462,0,0,0
4794.6,1463,0,0,0
4797.9,1464,0,0,0
4801.1,1465,0,0,0
4804.4,1466,0,0,0
4807.7,1467,0,0,0
4811,1468,0,0,1
4814.2,1469,0,0,0
4817.5,1470,0,0,0
4820.8,1471,0,0,0
4824.1,1472,0,0,0
4827.4,1473,0,0,0
4830.6,1474,0,0,0
4833.9,1475,0,0,0
4837.2,1476,0,0,0
4840.5,1477,0,0,0
4843.7,1478,0,0,0
4847,1479,0,0,0
4850.3,1480,0,0,1
4853.6,1481,0,0,0
4856.9,1482,0,0,0
4860.1,1483,0,0,0
4863.4,1484,0,0,0
4866.7,1485,0,0,0
4870,1486,0,0,0
4873.2,1487,0,0,0
4876.5,1488,0,0,0
4879.8,1489,0,0,0
4883.1,1490,0,0,0
4886.3,1491,0,0,0
4889.6,1492,0,0,0
4892.9,1493,0,0,0
4896.2,1494,0,0,0
4899.5,1495,0,0,0
4902.7,1496,0,0,0
4906,1497,0,0,0
4909.3,1498,0,0,0
4912.6,1499,0,0,0
4915.8,1500,0,0,0
4919.1,1501,0,0,0
4922.4,1502,0,0,0
4925.7,1503,0,0,0
4929,1504,0,0,0
4932.2,1505,0,0,0
4935.5,1506,0,0,0
4938.8,1507,0,0,0
4942.1,1508,0,0,0
4945.3,1509,0,0,0
4948.6,1510,0,0,0
4951.9,1511,0,0,0
4955.2,1512,0,0,0
4958.4,1513,0,0,0
4961.7,1514,0,0,0
4965,1515,0,0,0
4968.3,1516,0,0,0
4971.6,1517,0,0,0
4974.8,1518,0,0,0
4978.1,1519,0,0,0
4981.4,1520,0,0,0
4984.7,1521,0,0,0
4987.9,1522,0,0,0
4991.2,1523,0,0,1
4994.5,1524,0,0,0
4997.8,1525,0,0,0
5001,1526,0,0,0
5004.3,1527,0,0,0
5007.6,1528,0,0,0
5010.9,1529,0,0,0
5014.2,1530,0,0,0
5017.4,1531,0,0,0
5020.7,1532,0,0,0
5024,1533,0,0,0
5027.3,1534,0,0,0
5030.5,1535,0,0,0
5033.8,1536,0,0,0
5037.1,1537,0,0,0
5040.4,1538,0,0,0
5043.7,1539,0,0,0
5046.9,1540,0,0,0
5050.2,1541,0,0,0
5053.5,1542,0,0,0
5056.8,1543,0,0,0
5060,1544,0,0,0
5063.3,1545,0,0,0
5066.6,1546,0,0,0
5069.9,1547,0,0,0
5073.1,1548,0,0,0
5076.4,1549,0,0,0
5079.7,1550,0,0,0
5083,1551,0,0,0
5086.3,1552,0,0,0
5089.5,1553,0,0,0
5092.8,1554,0,0,0
5096.1,1555,0,0,0
5099.4,1556,0,0,0
5102.6,1557,0,0,0
5105.9,1558,0,0,0
5109.2,1559,0,0,0
5112.5,1560,0,0,1
5115.8,1561,0,0,0
5119,1562,0,0,0
5122.3,1563,0,0,0
5125.6,1564,0,0,0
5128.9,1565,0,0,1
5132.1,1566,0,0,0
5135.4,1567,0,0,0
5138.7,1568,0,0,0
5142,1569,0,0,0
5145.2,1570,0,0,0
5148.5,1571,0,0,0
5151.8,1572,0,0,0
5155.1,1573,0,0,0
5158.4,1574,0,0,0
5161.6,1575,0,0,0
5164.9,1576,0,0,0
5168.2,1577,0,0,0
5171.5,1578,0,0,1
5174.7,1579,0,0,0
5178,1580,0,0,0
5181.3,1581,0,0,0
5184.6,1582,0,0,0
5187.9,1583,0,0,0
5191.1,1584,0,0,0
5194.4,1585,0,0,0
5197.7,1586,0,0,0
5201,1587,0,0,0
5204.2,1588,0,0,0
5207.5,1589,0,0,0
5210.8,1590,0,0,0
5214.1,1591,0,0,0
5217.3,1592,0,0,0
5220.6,1593,0,0,0
5223.9,1594,0,0,0
5227.2,1595,0,0,0
5230.5,1596,0,0,0
5233.7,1597,0,0,0
5237,1598,0,0,0
5240.3,1599,0,0,0
5243.6,1600,0,0,0
5246.8,1601,0,0,0
5250.1,1602,0,0,0
5253.4,1603,0,0,0
5256.7,1604,0,0,0
5260,1605,0,0,0
5263.2,1606,0,0,0
5266.5,1607,0,0,0
5269.8,1608,0,0,1
5273.1,1609,0,0,0
5276.3,1610,0,0,0
5279.6,1611,0,0,0
5282.9,1612,0,0,0
5286.2,1613,0,0,0
5289.4,1614,0,0,0
5292.7,1615,0,0,0
5296,1616,0,0,0
5299.3,1617,0,0,0
5302.6,1618,0,0,0
5305.8,1619,0,0,0
5309.1,1620,0,0,0
5312.4,1621,0,0,0
5315.7,1622,0,0,0
5318.9,1623,0,0,0
5322.2,1624,0,0,0
5325.5,1625,0,0,0
5328.8,1626,0,0,0
5332,1627,0,0,0
5335.3,1628,0,0,0
5338.6,1629,0,0,0
5341.9,1630,0,0,0
5345.2,1631,0,0,0
5348.4,1632,0,0,0
5351.7,1633,0,0,0
5355,1634,0,0,0
5358.3,1635,0,0,0
5361.5,1636,0,0,0
5364.8,1637,0,0,0
5368.1,1638,0,0,0
5371.4,1639,0,0,0
5374.7,1640,0,0,0
5377.9,1641,0,0,0
5381.2,1642,0,0,0
5384.5,1643,0,0,0
5387.8,1644,0,0,0
5391,1645,0,0,0
5394.3,1646,0,0,0
5397.6,1647,0,0,0
5400.9,1648,0,0,0
5404.1,1649,0,0,0
5407.4,1650,0,0,0
5410.7,1651,0,0,0
5414,1652,0,0,0
5417.3,1653,0,0,0
5420.5,1654,0,0,0
5423.8,1655,0,0,0
5427.1,1656,0,0,0
5430.4,1657,0,0,0
5433.6,1658,0,0,0
5436.9,1659,0,0,0
5440.2,1660,0,0,1
5443.5,1661,0,0,0
5446.8,1662,0,0,0
5450,1663,0,0,0
5453.3,1664,0,0,0
5456.6,1665,0,0,0
5459.9,1666,0,0,0
5463.1,1667,0,0,0
5466.4,1668,0,0,0
5469.7,1669,0,0,0
5473,1670,0,0,0
5476.2,1671,0,0,0
5479.5,1672,0,0,0
5482.8,1673,0,0,0
5486.1,1674,0,0,0
5489.4,1675,0,0,0
5492.6,1676,0,0,0
5495.9,1677,0,0,0
5499.2,1678,0,0,0
5502.5,1679,0,0,0
5505.7,1680,0,0,0
5509,1681,0,0,0
5512.3,1682,0,0,0
5515.6,1683,0,0,0
5518.9,1684,0,0,0
5522.1,1685,0,0,1
5525.4,1686,0,0,0
5528.7,1687,0,0,0
5532,1688,0,0,0
5535.2,1689,0,0,0
5538.5,1690,0,0,0
5541.8,1691,0,0,0
5545.1,1692,0,0,0
5548.3,1693,0,0,0
5551.6,1694,0,0,0
5554.9,1695,0,0,0
5558.2,1696,0,0,0
5561.5,1697,0,0,1
5564.7,1698,0,0,1
5568,1699,0,0,0
5571.3,1700,0,0,0
5574.6,1701,0,0,0
5577.8,1702,0,0,0
5581.1,1703,0,0,0
5584.4,1704,0,0,0
5587.7,1705,0,0,0
5591,1706,0,0,0
5594.2,1707,0,0,0
5597.5,1708,0,0,0
5600.8,1709,0,0,0
5604.1,1710,0,0,0
5607.3,1711,0,0,0
5610.6,1712,0,0,0
5613.9,1713,0,0,0
5617.2,1714,0,0,0
5620.4,1715,0,0,0
5623.7,1716,0,0,0
5627,1717,0,0,0
5630.3,1718,0,0,0
5633.6,1719,0,0,0
5636.8,1720,0,0,0
5640.1,1721,0,0,0
5643.4,1722,0,0,0
5646.7,1723,0,0,1
5649.9,1724,0,0,0
5653.2,1725,0,0,0
5656.5,1726,0,0,0
5659.8,1727,0,0,0
5663,1728,0,0,0
5666.3,1729,0,0,0
5669.6,1730,0,0,0
5672.9,1731,0,0,0
5676.2,1732,0,0,0
5679.4,1733,0,0,0
5682.7,1734,0,0,0
5686,1735,0,0,0
5689.3,1736,0,0,0
5692.5,1737,0,0,0
5695.8,1738,0,0,0
5699.1,1739,0,0,0
5702.4,1740,0,0,0
5705.7,1741,0,0,0
5708.9,1742,0,0,0
5712.2,1743,0,0,2
5715.5,1744,0,0,0
5718.8,1745,0,0,0
5722,1746,0,0,0
5725.3,1747,0,0,0
5728.6,1748,0,0,0
5731.9,1749,0,0,0
5735.1,1750,0,0,0
5738.4,1751,0,0,0
5741.7,1752,0,0,0
5745,1753,0,0,0
5748.3,1754,0,0,0
5751.5,1755,0,0,0
5754.8,1756,0,0,0
5758.1,1757,0,0,0
5761.4,1758,0,0,0
5764.6,1759,0,0,1
5767.9,1760,0,0,1
5771.2,1761,0,0,0
5774.5,1762,0,0,0
5777.8,1763,0,0,0
5781,1764,0,0,0
5784.3,1765,0,0,0
5787.6,1766,0,0,0
5790.9,1767,0,0,0
5794.1,1768,0,0,0
5797.4,1769,0,0,0
5800.7,1770,0,0,0
5804,1771,0,0,0
5807.2,1772,0,0,1
5810.5,1773,0,0,0
5813.8,1774,0,0,0
5817.1,1775,0,0,0
5820.4,1776,0,0,0
5823.6,1777,0,0,0
5826.9,1778,0,0,0
5830.2,1779,0,0,0
5833.5,1780,0,0,0
5836.7,1781,0,0,0
5840,1782,0,0,0
5843.3,1783,0,0,0
5846.6,1784,0,0,0
5849.9,1785,0,0,0
5853.1,1786,0,0,0
5856.4,1787,0,0,0
5859.7,1788,0,0,0
5863,1789,0,0,0
5866.2,1790,0,0,0
5869.5,1791,0,0,0
5872.8,1792,0,0,0
5876.1,1793,0,0,0
5879.3,1794,0,0,0
5882.6,1795,0,0,0
5885.9,1796,0,0,0
5889.2,1797,0,0,0
5892.5,1798,0,0,0
5895.7,1799,0,0,0
5899,1800,0,0,0
5902.3,1801,0,0,0
5905.6,1802,0,0,1
5908.8,1803,0,0,0
5912.1,1804,0,0,0
5915.4,1805,0,0,0
5918.7,1806,0,0,0
5922,1807,0,0,0
5925.2,1808,0,0,0
5928.5,1809,0,0,0
5931.8,1810,0,0,0
5935.1,1811,0,0,0
5938.3,1812,0,0,0
5941.6,1813,0,0,0
5944.9,1814,0,0,0
5948.2,1815,0,0,0
5951.4,1816,0,0,0
5954.7,1817,0,0,0
5958,1818,0,0,0
5961.3,1819,0,1,0
5964.6,1820,0,0,0
5967.8,1821,0,0,0
5971.1,1822,0,0,0
5974.4,1823,0,0,0
5977.7,1824,0,0,0
5980.9,1825,0,0,0
5984.2,1826,0,0,0
5987.5,1827,0,0,1
5990.8,1828,0,0,0
5994,1829,0,0,0
5997.3,1830,0,0,0
6000.6,1831,0,0,0
6003.9,1832,0,0,0
6007.2,1833,0,0,1
6010.4,1834,0,0,0
6013.7,1835,0,0,0
6017,1836,0,0,0
6020.3,1837,0,0,0
6023.5,1838,0,0,0
6026.8,1839,0,0,0
6030.1,1840,0,0,0
6033.4,1841,0,0,0
6036.7,1842,0,0,0
6039.9,1843,0,0,0
6043.2,1844,0,0,0
6046.5,1845,0,0,0
6049.8,1846,0,0,0
6053,1847,0,0,0
6056.3,1848,0,0,0
6059.6,1849,0,0,0
6062.9,1850,0,0,0
6066.1,1851,0,0,0
6069.4,1852,0,0,0
6072.7,1853,0,0,0
6076,1854,0,0,0
6079.3,1855,0,0,0
6082.5,1856,0,0,0
6085.8,1857,0,0,0
6089.1,1858,0,0,0
6092.4,1859,0,0,0
6095.6,1860,0,0,0
6098.9,1861,0,0,0
6102.2,1862,0,0,0
6105.5,1863,0,0,0
6108.8,1864,0,0,0
6112,1865,0,0,0
6115.3,1866,0,0,0
6118.6,1867,0,0,0
6121.9,1868,0,0,0
6125.1,1869,0,0,0
6128.4,1870,0,0,0
6131.7,1871,0,0,0
6135,1872,0,0,0
6138.2,1873,0,0,0
6141.5,1874,0,0,0
6144.8,1875,0,0,0
6148.1,1876,0,0,0
6151.4,1877,0,0,0
6154.6,1878,0,0,1
6157.9,1879,0,0,0
6161.2,1880,0,0,0
6164.5,1881,0,0,0
6167.7,1882,0,0,0
6171,1883,0,0,0
6174.3,1884,0,0,0
6177.6,1885,0,0,0
6180.9,1886,0,0,0
6184.1,1887,0,0,0
6187.4,1888,0,0,1
6190.7,1889,0,0,1
6194,1890,0,0,0
6197.2,1891,0,0,1
6200.5,1892,0,0,0
6203.8,1893,0,0,1
6207.1,1894,0,0,0
6210.3,1895,0,0,0
6213.6,1896,0,0,0
6216.9,1897,0,0,0
6220.2,1898,1,0,0
6223.5,1899,0,0,0
6226.7,1900,0,0,0
6230,1901,0,0,0
6233.3,1902,0,0,0
6236.6,1903,0,0,0
6239.8,1904,0,0,0
6243.1,1905,0,0,0
6246.4,1906,0,0,0
6249.7,1907,0,0,0
6253,1908,0,0,0
6256.2,1909,0,0,0
6259.5,1910,0,0,0
6262.8,1911,0,0,0
6266.1,1912,0,0,0
6269.3,1913,0,0,0
6272.6,1914,0,0,0
6275.9,1915,0,0,0
6279.2,1916,0,0,0
6282.4,1917,0,0,0
6285.7,1918,0,0,0
6289,1919,0,0,0
6292.3,1920,0,0,0
6295.6,1921,0,0,0
6298.8,1922,0,0,0
6302.1,1923,0,0,0
6305.4,1924,0,0,1
6308.7,1925,0,0,0
6311.9,1926,0,0,0
6315.2,1927,0,0,0
6318.5,1928,0,0,0
6321.8,1929,0,0,0
6325,1930,0,0,0
6328.3,1931,0,0,0
6331.6,1932,0,0,0
6334.9,1933,0,0,0
6338.2,1934,0,0,0
6341.4,1935,0,0,1
6344.7,1936,0,0,0
6348,1937,0,0,0
6351.3,1938,0,0,0
6354.5,1939,0,0,0
6357.8,1940,0,0,0
6361.1,1941,0,0,0
6364.4,1942,0,0,0
6367.7,1943,0,0,0
6370.9,1944,0,0,0
6374.2,1945,0,0,0
6377.5,1946,0,0,0
6380.8,1947,0,0,0
6384,1948,0,0,0
6387.3,1949,0,0,0
6390.6,1950,0,0,0
6393.9,1951,0,0,0
6397.1,1952,0,0,0
6400.4,1953,0,0,0
6403.7,1954,0,0,0
6407,1955,0,0,0
6410.3,1956,0,0,0
6413.5,1957,0,0,0
6416.8,1958,0,0,0
6420.1,1959,0,0,0
6423.4,1960,0,0,0
6426.6,1961,0,0,0
6429.9,1962,0,0,0
6433.2,1963,0,0,0
6436.5,1964,0,0,0
6439.8,1965,0,0,0
6443,1966,0,0,0
6446.3,1967,0,0,0
6449.6,1968,0,0,0
6452.9,1969,0,0,0
6456.1,1970,0,0,0
6459.4,1971,0,0,0
6462.7,1972,0,0,0
6466,1973,0,0,0
6469.2,1974,0,0,1
6472.5,1975,0,0,0
6475.8,1976,0,0,0
6479.1,1977,0,0,0
6482.4,1978,0,0,0
6485.6,1979,0,0,0
6488.9,1980,0,0,0
6492.2,1981,0,0,0
6495.5,1982,0,0,0
6498.7,1983,0,0,0
6502,1984,0,0,0
6505.3,1985,0,0,0
6508.6,1986,0,0,0
6511.9,1987,0,0,0
6515.1,1988,0,0,0
6518.4,1989,0,0,0
6521.7,1990,0,0,0
6525,1991,0,0,0
6528.2,1992,0,0,0
6531.5,1993,0,0,0
6534.8,1994,0,0,0
6538.1,1995,0,0,0
6541.3,1996,0,0,0
6544.6,1997,0,0,0
6547.9,1998,0,0,0
6551.2,1999,0,0,0
6554.5,2000,0,0,0
6557.7,2001,0,0,0
6561,2002,0,0,0
6564.3,2003,0,0,0
6567.6,2004,0,0,0
6570.8,2005,0,0,0
6574.1,2006,0,0,0
6577.4,2007,0,0,0
6580.7,2008,0,0,0
6584,2009,0,0,0
6587.2,2010,0,0,0
6590.5,2011,0,0,0
6593.8,2012,0,0,0
6597.1,2013,0,0,1
6600.3,2014,0,0,0
6603.6,2015,0,0,0
6606.9,2016,0,0,0
6610.2,2017,0,0,0
6613.4,2018,0,0,0
6616.7,2019,0,0,0
6620,2020,0,0,0
6623.3,2021,0,0,0
6626.6,2022,0,0,0
6629.8,2023,0,0,0
6633.1,2024,0,0,0
6636.4,2025,0,0,0
6639.7,2026,0,0,0
6642.9,2027,0,0,0
6646.2,2028,0,0,0
6649.5,2029,0,0,0
6652.8,2030,0,0,0
6656,2031,0,0,0
6659.3,2032,0,0,0
6662.6,2033,0,0,0
6665.9,2034,0,0,0
6669.2,2035,0,0,0
6672.4,2036,0,0,0
6675.7,2037,0,0,0
6679,2038,0,0,0
6682.3,2039,0,0,0
6685.5,2040,0,0,1
6688.8,2041,0,0,0
6692.1,2042,0,0,0
6695.4,2043,0,0,0
6698.7,2044,0,0,0
6701.9,2045,0,0,0
6705.2,2046,0,0,0
6708.5,2047,2,1,10
